status,shopify_product_id,handle,source_title,variants,first_sku,first_ean,size_confidence,missing_translations,outdated_translations,reason
included,7347892191482,cat-wallpaper-vinyl-decal-decor-home-bedroom-peel-and-stick-removable-gray-kitten-art-wall-sticker-cute-kitty-adhesive-room-decoration,Gray Kitten Paradise: Adorable Peel and Stick Cat Wall Sticker,10,16530604898764,7341147030974,medium — unitless Shopify option interpreted as inches,lt:title; lt:description; lv:title; lv:description; fi:title; fi:description,,
included,7347892912378,sunset-wallpaper-decals-peel-stick-nature-photo-self-adhesive-mural-wall-paper-decal-vinyl-stickers-murals-for-bedroom-sticker-decor-1,"Urban Sunset Skyline Wall Stickers, Vibrant Adhesive Decals for Home Decor",9,26292190085030,7341147031193,medium — unitless Shopify option interpreted as inches,lt:title; lt:description; lv:title; lv:description; fi:title; fi:description,ee:description,
included,7347911557370,kids-world-map-wall-decal-country-animal-room-decor-vinyl-sticker-for-nursery-peel-and-stick-art-of-education-bedroom-playroom-mural,World Explorer Adventure Wall Decal - Nautical Globe Map Vinyl Sticker,20,28027204262342,7341147031568,medium — unitless Shopify option interpreted as inches,lt:title; lt:description; lv:title; lv:description; fi:title; fi:description,ee:description,
included,7347912671482,glow-in-the-dark-wall-vinyl-sticker-art-luminescent-neon-night-glowing-light-decal-kid-room-stick-banksy-girl-with-heart-balloon-hope,Luminescent Night Glow Wall Decal - Magical Vinyl Sticker Art,20,19356306556043,7341147031766,medium — unitless Shopify option interpreted as inches,lt:title; lt:description; lv:title; lv:description; fi:title; fi:description,ee:description,
included,7347916374266,wild-jaguar-wall-sticker-cat-animal-art-vinyl-black-panther-decal-leopard-safari-predator-african-puma-head-body-colorful-decor-print,"Stylish Wall Sticker Featuring a Panther Design, Sophisticated Wall Decoration",40,24780594694241,7341147032169,medium — unitless Shopify option interpreted as inches,lt:title; lt:description; lv:title; lv:description; fi:title; fi:description,ee:description,
included,7347920568570,california-golden-gate-bridge-wallpaper-sticker-wall-cover-art-san-francisco-vinyl-print-room-decal-home-usa-bedroom-wallpapers-decor,Golden Gate Bridge Vinyl Wall Decal - San Francisco Skyline Wall Art,10,16226182485677,7341147032763,medium — unitless Shopify option interpreted as inches,lt:title; lt:description; lv:title; lv:description; fi:title; fi:description,ee:description,
included,7347930169594,dinosaur-wall-porthole-decal,3D Dinosaur Wall Decal | Broken Wall Porthole Design,12,22901422523388,7341147034743,high,lt:title; lt:description; lv:title; lv:description; fi:title; fi:description,ee:title; ee:description,
included,7347932037370,banksy-barcode-robot-wall-vinyl-sticker-street-art-graffiti-machine-decal-boys-room-decor-mural-die-cut-print-room-stickers-decals,Barcode Robot Wall Vinyl Sticker - Urban Street Art Decal,19,64223684896041,7341147035290,medium — unitless Shopify option interpreted as inches,lt:title; lt:description; lv:title; lv:description; fi:title; fi:description,ee:description,
included,7347934560506,banksy-heart-balloon-vinyl-wall-sticker-art-home-decor-cool-and-premium-waterproof-decal-adult-graffiti-with-quality-keen-bansky-laptop,Stylish Modern Urban Chic Balloon Wall Sticker Decal for Home Decor,40,24582571890181,7341147035689,medium — unitless Shopify option interpreted as inches,lt:title; lt:description; lv:title; lv:description; fi:title; fi:description,ee:description,
included,7347937607930,6x-pet-alert-emergency-cling-stickers-home-door-window-dog-cat-inside-sticker-decal-fire-safety-rescue-alert-animal-save-our-pets-signs-1,6 Emergency Pet Alert Safety Notice Cling Stickers,1,13446388749626,7341147037690,high,lt:title; lt:description; lv:title; lv:description; fi:title; fi:description,ee:title; ee:description,
included,7347942588666,space-cat-wall-art-decor-transfer-sticker-funny-astronaut-kitten-decoration-decal-kid-room-nursery-cute-kitty-vinyl-adhesive-mural,Astronaut Kitty Wall Decal - Whimsical Space Cat Decor,19,42646827714575,7341147038079,medium — unitless Shopify option interpreted as inches,lt:title; lt:description; lv:title; lv:description; fi:title; fi:description,ee:description,
included,7347943473402,office-calendar-chalkboard-vinyl-sticker-editable-organizer-dry-erase-chalk-decal-erasable-reusable-monthly-planner-blackboard-schdule-1,Adhesive Chalkboard Wall Decal - Large Monthly Planner for Home or Office Organization,6,36819989150819,7341147038574,medium — unitless Shopify option interpreted as inches,lt:title; lt:description; lv:title; lv:description; fi:title; fi:description,ee:description,
included,7347943801082,glow-in-dark-big-cat-wall-sticker-furry-kitten-cute-kitty-vinyl-pet-silhouette-decal-fluffy-night-glowing-luminescent-mural-gift,Luminescent Feline Wall Decal,20,19336242167656,7341147038635,medium — unitless Shopify option interpreted as inches,lt:title; lt:description; lv:title; lv:description; fi:title; fi:description,ee:description,
included,7347946127610,panda-wall-porthole-decal,3D Panda Wall Porthole Decal | Wildlife Optical Illusion,12,26312144090492,7341147039939,high,lt:title; lt:description; lv:title; lv:description; fi:title; fi:description,ee:title; ee:description,
included,7347949273338,astronaut-space-monkey-wall-vinyl-sticker-art-funny-chimpanzee-astro-thinking-sticky-chimp-print-decal-the-thinker-moon-mural-decor-label,"Cosmic Chimp Decorative Wall Decal, Adhesive Vinyl Sticker for Room Decoration",12,92519427160122,7341147040676,medium — unitless Shopify option interpreted as inches,lt:title; lt:description; lv:title; lv:description; fi:title; fi:description,ee:description,
included,7347950321914,glow-in-the-dark-moon-stars-wall-sticker-glowing-ceiling-decal-for-kid-room-bedroom-the-light-decor-3d-large-vinyl-full-night-star-art,3D Celestial Glow Wall Sticker Set - Moon and Star Decals for Home Decor,6,95888593828682,7341147040997,medium — unitless Shopify option interpreted as inches,lt:title; lt:description; lv:title; lv:description; fi:title; fi:description,ee:description,
included,7347954123002,blue-blossom-wall-decal,3D Blue Blossom Wall Decal | Floral Vinyl Mural,6,90654861259878,7341147041161,high,lt:title; lt:description; lv:title; lv:description; fi:title; fi:description,ee:title; ee:description,
included,7347954417914,glow-in-dark-bloody-hands-scary-red-vinyl-sticker-night-glowing-zombie-blood-car-wall-decal-print-realistic-luminescent-light-ghost,Glowing Zombie Blood Wall Decal - Luminous Horror Themed Stickers for Room Decor,20,16128998157571,7341147041222,medium — unitless Shopify option interpreted as inches,lt:title; lt:description; lv:title; lv:description; fi:title; fi:description,ee:description,
included,7347955958010,glow-in-the-dark-wall-vinyl-sticker-art-luminescent-neon-night-glowing-light-decal-kid-room-stick-tree-birch-nature-botanical-forest,Glow-in-the-Dark Forest Wall Decal,18,15641500338770,7341147041598,medium — unitless Shopify option interpreted as inches,lt:title; lt:description; lv:title; lv:description; fi:title; fi:description,,
included,7347963494650,glow-in-dark-aligator-wall-sticker-night-glowing-gator-vinyl-decal-boy-or-girl-cut-alligator-mural-realistic-luminescent-light-ghost,Glowing Alligator Wall Decal - Luminous Night Light Decor for Kids Room,20,15670327161681,7341147041833,medium — unitless Shopify option interpreted as inches,lt:title; lt:description; lv:title; lv:description; fi:title; fi:description,ee:description,
included,7347963756794,banksy-illegal-rat-vinyl-wall-sticker-art-home-decor-cool-and-premium-waterproof-decal-adult-graffiti-with-quality-keen-bansky-laptop,Artistic Urban Style Vinyl Wall Decal - Wall Sticker for Home Decor,20,42446820260037,7341147042038,medium — unitless Shopify option interpreted as inches,lt:title; lt:description; lv:title; lv:description; fi:title; fi:description,ru:description; ee:description,
included,7347965821178,225x-glow-in-dark-zodiac-star-wall-sticker-nursery-ceiling-glowing-vinyl-luminous-decor-decal-bedroom-fluorescent-luminescent-art,225-Piece Glow Zodiac Star Wall Decal Set,1,28371812129212,7341147042236,medium — size range/single measurement derived from description,lt:title; lt:description; lv:title; lv:description; fi:title; fi:description,,
included,7347966673146,glow-in-dark-lets-cook-breaking-bad-quote-sticker-wall-night-glowing-kitchen-element-map-science-decal-realistic-luminescent-light-ghost,Glow-in-the-Dark Chemistry Kitchen Wall Decal,20,71722180672661,7341147042243,medium — unitless Shopify option interpreted as inches,lt:title; lt:description; lv:title; lv:description; fi:title; fi:description,ru:description; ee:title; ee:description,
included,7347967721722,rabbit-wall-decal,3D Rabbit Wall Decal | Whimsical Bunny Wall Sticker,12,31439169958154,7341147042465,high,lt:title; lt:description; lv:title; lv:description; fi:title; fi:description,ee:title; ee:description,
included,7347968704762,circle-wall-stickers-white-2-inches-round-dot-labels-small-colored-blank-removable-plain-decals-pack-adhesive-game-sticky-color-print,2-Inch Round Dot Circle Wall Stickers - Colorful Adhesive Decals for Creative Spaces,6,19855941552677,7341147042588,medium — size range/single measurement derived from description,lt:title; lt:description; lv:title; lv:description; fi:title; fi:description,ee:description,
included,7347970605306,police-car-wall-vinyl-sticker-officer-art-mural-decal-label-policeman-patrol-decor-gift-police-car-sticker-police-car-vinyl,"Police Car Wall Sticker, Law Enforcement Vehicle Wall Decor Decal for Kids Room",20,22545909203008,7341147042649,medium — unitless Shopify option interpreted as inches,lt:title; lt:description; lv:title; lv:description; fi:title; fi:description,ee:description,
included,7347971293434,3d-effect-deep-space-wall-sticker-outer-galaxy-floor-art-decor-mural-porthole-tunnel-view-printed-decal-printing-hole-universe-illusion,3D Galactic Illusion Space Themed Wall Decal Sticker Art,6,22227770415952,7341147043059,medium — unitless Shopify option interpreted as inches,lt:title; lt:description; lv:title; lv:description; fi:title; fi:description,ee:description,
included,7347971719418,tiger-porthole-wall-decal,3D Tiger Porthole Wall Decal | Left or Right Direction,12,25596873029584,7341147043110,high,lt:title; lt:description; lv:title; lv:description; fi:title; fi:description,ee:title; ee:description,
included,7347976667386,banksy-napoleon-vinyl-wall-sticker-art-home-decor-cool-and-premium-waterproof-decal-adult-graffiti-with-quality-keen-bansky-boy-laptop,Napoleon Vinyl Wall Art Decal - Waterproof Sticker for Artistic Home Decor,40,20726988134543,7341147043387,medium — unitless Shopify option interpreted as inches,lt:title; lt:description; lv:title; lv:description; fi:title; fi:description,ee:description,
included,7347995967738,world-map-wall-decal-large-sticker-for-bedroom-playroom-boys-room-mural-decor-art-of-home-removable-vinyl-peel-stick-decals-stickers,"World Travel Themed Wall Sticker, Globe Adventure Artistic Wall Decor Decal",18,28237087599217,7341147043783,medium — unitless Shopify option interpreted as inches,lt:title; lt:description; lv:title; lv:description; fi:title; fi:description,ee:description,
included,7347996590330,lion-king-with-crown-vinyl-wall-sticker-funny-lions-head-cut-seal-art-decal-fun-silhouette-theme-wildlife-decoration-decor-print,Luxury Lion Crown Wall Decal - Vinyl Adhesive Wall Art Sticker,20,19528258143389,7341147043967,medium — unitless Shopify option interpreted as inches,lt:title; lt:description; lv:title; lv:description; fi:title; fi:description,ee:description,
included,7347996754170,banksy-businessman-vinyl-wall-sticker-art-home-decor-cool-and-premium-waterproof-decal-adult-graffiti-with-quality-keen-bansky-laptop,The Executive Art Decal: A Sophisticated Statement for Your Walls,40,24990610670096,7341147044162,medium — unitless Shopify option interpreted as inches,lt:title; lt:description; lv:title; lv:description; fi:title; fi:description,ee:description,
included,7347997802746,nursery-giraffe-vinyl-wall-sticker-baby-art-cute-funny-gift-animal-decor-decal-boy-girl-africa-decorative-colourful-jungle-kid-print,Adorable Giraffe Wall Decal Sticker for Kids - Cute Animal Themed Wall Decor,20,37542125456410,7341147044568,medium — unitless Shopify option interpreted as inches,lt:title; lt:description; lv:title; lv:description; fi:title; fi:description,ee:description,
included,7348002029818,24x-the-flying-butterfly-glow-at-night-decal-glowing-vinyl-in-dark-sticker-butterflies-art-wall-elements-of-nature-illustration-decor,Glowing Night Butterflies Wall Decal - Enchanting Nature Illumination,19,15855716378706,7341147044940,medium — unitless Shopify option interpreted as inches,lt:title; lt:description; lv:title; lv:description; fi:title; fi:description,ee:description,
included,7348004880634,colorful-owl-wall-sticker-cute-bird-gift-vinyl-art-decor-decal-cool-funny-animal-print-love-window-fancy-pretty-unique-big-mural,"Attractive Avian Wall Sticker, Delightful Bird-themed Peel and Stick Décor",20,43214394219711,7341147045237,medium — unitless Shopify option interpreted as inches,lt:title; lt:description; lv:title; lv:description; fi:title; fi:description,ee:description,
included,7348011499770,thinking-astronaut-monkey-print-art-wall-sticker-the-thinker-chimp-space-astronauts-mural-decal-astro-chimpanzee-spacemonkey-with-helmet,Monkey Explorer Themed Space Wall Decal - Kid's Room Decorative Sticker,38,19955512074788,7341147045626,medium — unitless Shopify option interpreted as inches,lt:title; lt:description; lv:title; lv:description; fi:title; fi:description,ee:description,
included,7348019626234,cute-little-fox-wallpaper-decor-decal-baby-animal-wall-sticker-for-home-nursery-kid-boy-room-bedroom-peel-stick-removable-adhesive-art,Whimsical Fox Wall Art: Adorable Nursery Decal for a Magical Space,10,27475902458707,7341147046227,medium — unitless Shopify option interpreted as inches,lt:title; lt:description; lv:title; lv:description; fi:title; fi:description,ee:description,
included,7348020347130,hummingbird-wall-vinyl-sticker-colibri-art-decor-humming-bird-cute-colorful-home-decal-gift-waterproof-flying-tropical-exotic-baby-mural,Colorful Hummingbird Wall Vinyl Sticker: Add Charm to Your Home Decor,40,89135143349697,7341147046333,medium — unitless Shopify option interpreted as inches,lt:title; lt:description; lv:title; lv:description; fi:title; fi:description,ee:description,
included,7348023132410,3d-sea-floor-bathroom-stickers-decor-ocean-beach-vinyl-decals-for-bathtub-bath-shower-flooring-waterproofdecal-sticker-water-mural-art,Underwater Bathroom Wall Decal | Ocean Mural Sticker,19,26043936334631,7341147046739,medium — unitless Shopify option interpreted as inches,lt:title; lt:description; lv:title; lv:description; fi:title; fi:description,ee:title; ee:description,
included,7348031062266,large-world-map-wall-decal-sticker-for-bedroom-playroom-boys-room-mural-decor-art-of-home-removable-vinyl-peel-stick-decals-stickers,Global Adventure Wall Sticker - Planet Earth Geography Themed Vinyl Poster Decal,18,14910083872356,7341147047613,medium — unitless Shopify option interpreted as inches,lt:title; lt:description; lv:title; lv:description; fi:title; fi:description,ee:description,
included,7348033519866,lions-head-wall-sticker-lion-face-animal-king-silhouette-vinyl-decal-wild-stickers-room-roar-home-decals-cool-black-boys-stick-print,"Lion Wall Decal Sticker, Majesty Theme - Adhesive Vinyl Wall Art",38,19032340497239,7341147047903,medium — unitless Shopify option interpreted as inches,lt:title; lt:description; lv:title; lv:description; fi:title; fi:description,ee:description,
included,7348038926586,nursery-animal-wall-decor-vinyl-sticker-art-jungle-kid-baby-set-cute-decal-african-elephant-giraffe-girl-room-wild-boy-child-mural,"Safari Animal Wall Decal, Vinyl Sticker - Wild Adventures Themed Decoration",20,23239128832802,7341147048283,medium — unitless Shopify option interpreted as inches,lt:title; lt:description; lv:title; lv:description; fi:title; fi:description,ee:description,
included,7348041941242,tiger-wallpaper-stick-and-peel-decal-3d-orange-head-removable-wall-paper-sticker-home-kitchen-decor-large-adhesive-vinyl-art-print,Stylish Wall Decal Tiger Design: Upgrade Your Space with Exotic Elegance!,10,24769338653485,7341147048481,medium — unitless Shopify option interpreted as inches,lt:title; lt:description; lv:title; lv:description; fi:title; fi:description,ee:description,
included,7348043022586,jaguar-wallpaper-vinyl-decal-decor-home-bedroom-peel-and-stick-removable-art-wall-paper-sticker-adhesive-print-room-decoration-deco,Chic Cat Vinyl Wall Decal Decorative Sticker - Feline Home Decoration Adhesive Artwork,10,84003914911032,7341147048597,medium — unitless Shopify option interpreted as inches,lt:title; lt:description; lv:title; lv:description; fi:title; fi:description,ee:description,
included,7348044136698,duck-wallpaper-vinyl-decal-decor-home-bedroom-peel-and-stick-removable-art-wall-paper-sticker-cute-adhesive-room-decoration-deco,Adorable Vinyl Duck Wall Sticker - Creative & Unique Wall Art Decal for Kids,10,38068703177046,7341147048702,medium — unitless Shopify option interpreted as inches,lt:title; lt:description; lv:title; lv:description; fi:title; fi:description,ee:description,
included,7348053672186,glow-at-night-decal-branch-wall-sticker-glowing-vinyl-in-dark-flower-the-branches-nature-spring-butterflies-flowery-design-mural-art,Blossom Night Wall Sticker - Luminous Wall Decal for Home & Interior Design,20,67674670555620,7341147049013,medium — unitless Shopify option interpreted as inches,lt:title; lt:description; lv:title; lv:description; fi:title; fi:description,ee:description,
included,7348054491386,world-map-vinyl-wall-sticker-country-name-word-kid-large-art-decor-decal-peel-and-stick-globe-explore-playroom-fun-mural-map-sticker,Explorer Vinyl Wall Decal - Global World Map Sticker,18,13564247556524,7341147049419,medium — unitless Shopify option interpreted as inches,lt:title; lt:description; lv:title; lv:description; fi:title; fi:description,ee:description,
included,7348054786298,tree-sticker-decal-wall-birch-art-vinyl-nursery-stickers-nature-botanical-trees-decals-forest-decor-natural-big-leaf-peel-and-stick,"Nature's Serenity, Vinyl Wall Decal, Artistic Design, Easy to Install",18,20856004634505,7341147049594,medium — unitless Shopify option interpreted as inches,lt:title; lt:description; lv:title; lv:description; fi:title; fi:description,ru:description; ee:description,
included,7348058194170,blue-ocean-porthole-wall-decal,3D Blue Ocean Porthole Wall Decal | Underwater Sea View,6,91237999601281,7341147049778,high,lt:title; lt:description; lv:title; lv:description; fi:title; fi:description,ee:title; ee:description,
included,7348063305978,mountain-wall-decal-mountains-vinyl-sticker-decor-for-nursery-baby-kid-boy-room-huge-travel-mural-decoration-wallpaper-theme,Majestic Nature Inspired Wall Decal - Self-Adhesive Vinyl Sticker for Interior Design,20,19624909048137,7341147049846,medium — unitless Shopify option interpreted as inches,lt:title; lt:description; lv:title; lv:description; fi:title; fi:description,ru:description; ee:description,
included,7348064125178,mountain-wall-decal-mountains-vinyl-sticker-decor-for-nursery-baby-kid-boy-room-huge-travel-mural-decoration-wallpaper-theme-1,Majestic Mountain Wall Decal - Enhancing Visual Appeal with Nature Inspired Design,20,19604070498070,7341147050040,medium — unitless Shopify option interpreted as inches,lt:title; lt:description; lv:title; lv:description; fi:title; fi:description,ee:description,
included,7348065108218,glow-in-dark-woman-eye-vinyl-wall-sticker-night-light-art-lash-face-girl-eyelash-decor-beauty-salon-decal-glowing-neon-women-silhouette,Glowing Luminescent Eye Vinyl Wall Decal: Enchanting Wall Sticker Art,20,15776194873080,7341147050248,medium — unitless Shopify option interpreted as inches,lt:title; lt:description; lv:title; lv:description; fi:title; fi:description,ee:description,
included,7348065763578,glow-in-dark-music-is-life-wall-sticker-nigh-light-note-quote-decor-art-vinyl-decal-glowing-neon-dj-room-earphone-saying-sign-mural,IllumiNote Glow-In-The-Dark Wall Decal: Musical Notes Themed Luminous Wall Art Sticker,20,17510656393475,7341147050446,medium — unitless Shopify option interpreted as inches,lt:title; lt:description; lv:title; lv:description; fi:title; fi:description,ee:description,
included,7348066648314,glow-in-dark-headphone-vinyl-wall-sticker-night-light-music-art-dj-decal-glowing-neon-cut-decor-mural-music-sticker,"Vinyl Wall Decals, Luminous Melodies Design, Self-Adhesive Wall Art Stickers",20,26896969266625,7341147050989,medium — unitless Shopify option interpreted as inches,lt:title; lt:description; lv:title; lv:description; fi:title; fi:description,ee:description,
included,7348067041530,glow-in-dark-eat-drink-enjoy-quote-wall-vinyl-sticker-glowing-kitchen-text-decal-sign-nigh-light-neon-sayings-decor-sign-room,Illuminated Kitchen Wonderland Adhesive Vinyl Decal,19,17467168405052,7341147051184,medium — unitless Shopify option interpreted as inches,lt:title; lt:description; lv:title; lv:description; fi:title; fi:description,ee:description,
included,7348068385018,boho-moon-phases-wall-decal-decor-bohemian-crescent-big-vinyl-wallpaper-sticker-for-or-nursery-kid-room-large-pastel-art-girl-baby-mural-1,Bohemian Crescent & Moon Phases - Elegant Vinyl Wall Art Sticker Decal,21,69151103312324,7341147051696,medium — unitless Shopify option interpreted as inches,lt:title; lt:description; lv:title; lv:description; fi:title; fi:description,ee:description,
included,7348068450554,boho-rainbow-wall-decal-decor-bohemian-big-vinyl-wallpaper-sticker-for-bedroom-or-nursery-kid-room-large-pastel-art-girl-baby-mural,Boho Chic Multicolor Wall Artwork - Artistic Bohemian Rainbow Paintings for Wall Display,20,69536024311120,7341147051900,medium — unitless Shopify option interpreted as inches,lt:title; lt:description; lv:title; lv:description; fi:title; fi:description,ee:description,
included,7348072513786,i-refuse-to-sink-quote-sticker-anchor-sign-art-vinyl-wall-decal-water-motivational-sailor-beach-forearm-adult-stick-hand-decor,Sturdy Inspirational Wall Decal with Unique Anchored Design,19,24532995590713,7341147052846,medium — unitless Shopify option interpreted as inches,lt:title; lt:description; lv:title; lv:description; fi:title; fi:description,ru:description; ee:description,
included,7348073300218,3d-window-beach-view-wall-sticker-removable-bedroom-ocean-scene-vinyl-room-decal-large-tropical-picture-frame-landscape-decoration,"Tropical Paradise Wall Sticker, Window Decal for Interior Decorations",20,25872307712262,7341147053201,medium — unitless Shopify option interpreted as inches,lt:title; lt:description; lv:title; lv:description; fi:title; fi:description,ru:description; ee:description,
included,7348074021114,rule-for-a-lady-wall-sticker-true-teen-laptop-feminist-crazy-decal-gift-girl-tumblr-word-lettering-house-sign-indoor-decorative-vinyl,Chic Etiquette Wall Sticker - Stylish Wall Art Decals for Interior Design Enhancement,20,84110588245355,7341147053409,medium — unitless Shopify option interpreted as inches,lt:title; lt:description; lv:title; lv:description; fi:title; fi:description,ru:description; ee:description,
included,7348074873082,wall-frame-sticker-picture-frames-stickers-photo-vinyl-decals-polaroid-mini-family-decorated-decal-photos-diy-interior-set-decor-art,"Wall Art Sticker Collection, Sophisticated Interior Design Accents",22,26990638153356,7341147053669,medium — unitless Shopify option interpreted as inches,lt:title; lt:description; lv:title; lv:description; fi:title; fi:description,ru:description; ee:description,
included,7348075626746,fitness-gym-wall-workout-decor-vinyl-decal-inspirational-motivational-sports-stickers-quotes-for-exercise-room-beast-mode-sticker-decals,Beast Mode Fitness Quote Wall Decal,6,25139532029963,7341147053881,medium — unitless Shopify option interpreted as inches,lt:title; lt:description; lv:title; lv:description; fi:title; fi:description,ee:title; ee:description,
included,7348076904698,115x-star-wall-stickers-baby-shower-moon-set-decorative-vinyl-decal-little-cute-twinkle-pack-decor-nursery-gold-crescent-decoration,"Celestial Dreams Wall Sticker Collection, Space Themed Decals, Star Decor Set",6,77059600631624,7341147054000,medium — size range/single measurement derived from description,lt:title; lt:description; lv:title; lv:description; fi:title; fi:description,ee:description,
included,7348077396218,bird-feather-wall-vinyl-sticker-eagle-decor-flying-home-art-magic-nib-decal-love-beautiful-above-the-bed-and-window-mural,"Stylish Bird Design Wall Sticker - Modern Wall Art, Avian Decals",19,24551428406127,7341147054062,medium — unitless Shopify option interpreted as inches,lt:title; lt:description; lv:title; lv:description; fi:title; fi:description,ee:description,
included,7348077494522,wallpaper-shark-decor-sticker-3d-underwater-ocean-wall-stickers-removable-decal-under-sea-home-bedroom-adhesive-decorations-art-mural,"Ocean-Themed Wall Decal Sticker, Marine Life Sea World Decorative Vinyl Art Design",10,21167957923566,7341147054253,medium — unitless Shopify option interpreted as inches,lt:title; lt:description; lv:title; lv:description; fi:title; fi:description,ee:description,
included,7348077691130,family-memories-photo-frame-wall-decal,Family Memories Photo Frame Wall Decal | Vinyl Sticker,22,24729434896564,7341147054369,medium — unitless Shopify option interpreted as inches,lt:title; lt:description; lv:title; lv:description; fi:title; fi:description,ee:title; ee:description,
included,7348078149882,world-map-wall-decal-sticker-for-bedroom-playroom-boys-room-mural-decor-art-of-home-removable-vinyl-peel-stick-decals-stickers-earth,Global Journey World Masterpiece Wall Art Decal - Decorative Vinyl Sticker,18,14928704348986,7341147054697,medium — unitless Shopify option interpreted as inches,lt:title; lt:description; lv:title; lv:description; fi:title; fi:description,ee:description,
included,7348086112506,vinyl-wall-tribal-elephant-sticker-two-colors-wise-wealth-animal-ornaments-art-decal-indian-feng-shu-mural-free-random-decal-gift,Vinyl Elephant Wall Sticker: Wealth and Wisdom Symbolic Representation,20,26631667000317,7341147055212,medium — unitless Shopify option interpreted as inches,lt:title; lt:description; lv:title; lv:description; fi:title; fi:description,ee:description,
included,7348152271098,moon-phase-wall-decor-decal-kid-full-large-sticker-for-nursery-baby-kids-room-bedroom-ceiling-decorations-art-home-removable-vinyl,Stellar Attraction Vinyl Wall Sticker - Astral Decorative Adhesive Mural Decal,20,24286009479715,7341147055618,medium — unitless Shopify option interpreted as inches,lt:title; lt:description; lv:title; lv:description; fi:title; fi:description,ee:description,
included,7348159283450,3d-window-beach-view-wall-sticker-removable-bedroom-ocean-scene-vinyl-room-decal-large-tropical-picture-frame-landscape-decoration-1,"Tropical Paradise 3D Wall Decal, Beach Scenery Window Sticker, Vinyl Wall Art",20,25841440115524,7341147055816,medium — unitless Shopify option interpreted as inches,lt:title; lt:description; lv:title; lv:description; fi:title; fi:description,ru:description; ee:description,
included,7348160758010,headphone-vinyl-wall-sticker-music-art-dj-diecut-weatherproof-decal-silhouette-cut-decor-mural-music-sticker-headphone-sticker,Decorative Vinyl Wall Decal with Musical Melody Design - Wall Art for Music Lovers,20,12259323185822,7341147056011,medium — unitless Shopify option interpreted as inches,lt:title; lt:description; lv:title; lv:description; fi:title; fi:description,ru:description; ee:description,
included,7348162101498,headphone-vinyl-wall-sticker-music-art-dj-diecut-weatherproof-decal-silhouette-cut-decor-mural-music-sticker-headphone-sticker-1,Headphones and Soundwave Wall Decal,6,36991782871205,7341147056219,medium — unitless Shopify option interpreted as inches,lt:title; lt:description; lv:title; lv:description; fi:title; fi:description,,
included,7348167442682,henna-tattoo-wall-vinyl-sticker-floral-flower-mandala-art-paisley-mehndi-indian-decal-decor-inspired-stencil-black-home-room-joga-mural,"Henna Art Inspired Wall Decal, Sophisticated Wall Tattoo Sticker",18,17165207891774,7341147056509,medium — unitless Shopify option interpreted as inches,lt:title; lt:description; lv:title; lv:description; fi:title; fi:description,ee:description,
included,7348168065274,patterned-mountain-wall-decor-decal-kid-room-art-vinyl-home-black-sticker-nursery-woodland-mural-tribal-decals-stickers,"Peaks Wall Sticker, Captivating Mountain Decal, Vinyl Wall Adhesive Artwork",15,21610960095454,7341147056684,medium — unitless Shopify option interpreted as inches,lt:title; lt:description; lv:title; lv:description; fi:title; fi:description,ee:description,
included,7348168589562,banksy-leopard-barcode-wall-sticker-art-home-decor-diy-bar-code-mural-decal-barcode-leopard-banksy-leopard-diy-banksy-mural,Artistic Leopard Barcode Wall Sticker - Trendy Wall Decal Design,20,41718910816343,7341147056837,medium — unitless Shopify option interpreted as inches,lt:title; lt:description; lv:title; lv:description; fi:title; fi:description,ee:description,
included,7348169507066,scuba-diver-wall-sticker-fire-extinguisher-deep-dive-silhouette-vinyl-gift-decal-down-diving-happy-diver-art-creative-for-office-mural,"Underwater Theme Decal, Adventure Wall Sticker, Children's Ocean Scene Decoration",15,26072612659703,7341147057032,medium — unitless Shopify option interpreted as inches,lt:title; lt:description; lv:title; lv:description; fi:title; fi:description,ee:description,
included,7348172423418,helicopter-wall-sticker-art-copter-vinyl-decal-aircraft-pilot-decor-military-removable-decals-boy-army-mural-flying-fighter-stickers,Aviator Dream Helicopter Wall Decal - Kids Aircraft Vinyl Wall Art,19,43696331686264,7341147057186,medium — unitless Shopify option interpreted as inches,lt:title; lt:description; lv:title; lv:description; fi:title; fi:description,ee:description,
included,7348174160122,woman-face-black-wall-vinyl-sticker-salon-girl-happy-women-eye-window-beauty-art-decal-pretty-removable-beautiful-sexy-head-silhouette,Charming Wall Art Decal: Transform Your Wall with Elegant Silhouette Design,20,83321760738375,7341147057377,medium — unitless Shopify option interpreted as inches,lt:title; lt:description; lv:title; lv:description; fi:title; fi:description,ee:description,
included,7348176060666,fitness-gym-wall-workout-decor-vinyl-decal-inspirational-motivational-sports-stickers-quotes-for-exercise-room-beast-mode-sticker-decals-1,Installing Muscles Please Wait Gym Wall Decal,6,31437815070172,7341147057575,medium — unitless Shopify option interpreted as inches,lt:title; lt:description; lv:title; lv:description; fi:title; fi:description,ee:title; ee:description,
included,7348179239162,life-is-beautiful-banksy-street-art-wall-decal-singing-woman-lifeisbeautiful-sticker-cool-home-decor-vinyl-stickers-with-flower-for-room,Singing Woman Art Decal with Floral Design - Elegant Wall Sticker for Home Decoration,20,23710893048851,7341147057636,medium — unitless Shopify option interpreted as inches,lt:title; lt:description; lv:title; lv:description; fi:title; fi:description,ru:description; ee:description,
included,7348179927290,banksy-girl-with-heart-balloon-wall-sticker-vinyl-baloon-hot-air-pop-art-decal-there-is-always-hope-for-home-mural,Heart Balloon Girl Silhouette Wall Decal,20,26664901079859,7341147057834,medium — unitless Shopify option interpreted as inches,lt:title; lt:description; lv:title; lv:description; fi:title; fi:description,,
included,7348182745338,banksy-barcode-robot-wall-vinyl-sticker-street-art-graffiti-machine-decal-boys-room-decor-mural-die-cut-print-room-stickers-decals-1,Street Art Style Robot Barcode Vinyl Decal - Trendy Wall Sticker,19,24486182834981,7341147058039,medium — unitless Shopify option interpreted as inches,lt:title; lt:description; lv:title; lv:description; fi:title; fi:description,ee:description,
included,7348184285434,scuba-diver-wall-sticker-fire-extinguisher-deep-dive-silhouette-vinyl-gift-decal-down-diving-happy-diver-art-creative-for-office-mural-1,Deep Dive Wall Sticker - Underwater Adventure Vinyl Decal for Walls,15,12279206904934,7341147058220,medium — unitless Shopify option interpreted as inches,lt:title; lt:description; lv:title; lv:description; fi:title; fi:description,ee:description,
included,7348185956602,leopard-heart-wall-sticker-art-print-texas-vinyl-decal-room-love-decor-pink-stickers-jaguar-wild-skin-removable-bedroom-large-decals,Wildlife Leopard Heart Vinyl Wall Art Decal - Aesthetic Animal Themed Decal,20,27748491785600,7341147058374,medium — unitless Shopify option interpreted as inches,lt:title; lt:description; lv:title; lv:description; fi:title; fi:description,ee:description,
included,7348200898810,let-it-be-wall-sticker-lets-go-love-vinyl-decal-die-cut-art-quote-stickers-lettering-music-room-inspirational-decoration-punk-label,"Motivational Harmony Vinyl Wall Sticker, Positive Affirmation Wall Art Decor",19,20287910835356,7341147058916,medium — unitless Shopify option interpreted as inches,lt:title; lt:description; lv:title; lv:description; fi:title; fi:description,ee:description,
included,7348204175610,branch-wall-tree-sticker-vinyl-decal-bird-kids-room-decals-girls-nursery-birds-flower-baby-art-mural-leaves-decor-girl-removable-decal,"Abstract Tree Branch Wall Sticker, Artistic Vinyl Wall Art Decal, Indoor Wall Decoration",6,36759429256565,7341147059319,medium — unitless Shopify option interpreted as inches,lt:title; lt:description; lv:title; lv:description; fi:title; fi:description,ee:description,
included,7348205453562,banksy-thinking-monkey-wall-sticker-vinyl-art-print-dj-waterproof-thinker-smart-decal-street-thought-headphones-music-think-stickers,"Contemplative Primate Wall Art Sticker, Vinyl Peel & Stick Room Mural Feature",19,91437512928623,7341147059371,medium — unitless Shopify option interpreted as inches,lt:title; lt:description; lv:title; lv:description; fi:title; fi:description,ru:description; ee:description,
included,7348206141690,nursery-tree-wall-art-sticker-nature-plant-botanical-waterproof-vinyl-decal-peel-and-stick-cute-adventure-decor-durable-silhouete,"Nature's Delight Wall Stickers, Vinyl Wall Art, Removable Wall Decal Decor",19,20795296873122,7341147059562,medium — unitless Shopify option interpreted as inches,lt:title; lt:description; lv:title; lv:description; fi:title; fi:description,ee:description,
included,7348206665978,thinking-monkey-wall-sticker-banksy-street-art-print-waterproof-vinyl-decal-gift-bored-chimp-thought-smart-thinker-think-mural,Contemporary Street Art Primate Decal - Artistic Waterproof Vinyl Wall Sticker Print,22,92124038219510,7341147059753,medium — unitless Shopify option interpreted as inches,lt:title; lt:description; lv:title; lv:description; fi:title; fi:description,ee:description,
included,7348207386874,moon-phases-wall-decor-decal-gold-home-art-living-room-bedroom-sticker-decoration-silver-phase-cycle-nursery-lunar-crescent-vinyl-mural,"Lunar Harmony Decal: Wall Art, Moon-Themed Sticker, Decorative Vinyl Mural",20,19474228863478,7341147059975,medium — unitless Shopify option interpreted as inches,lt:title; lt:description; lv:title; lv:description; fi:title; fi:description,ee:description,
included,7348207943930,woman-eye-vinyl-wall-sticker-art-lash-face-girl-eyelash-decor-beauty-salon-decal-pretty-sexy-beautiful-women-black-silhouette-mural,"Femme Vinyl Wall Decal, Eyelash Silhouette Wall Art, Elegant Beauty and Style Decal",20,13797803609738,7341147060179,medium — unitless Shopify option interpreted as inches,lt:title; lt:description; lv:title; lv:description; fi:title; fi:description,ee:description,
included,7348209877242,mountain-silhouette-sticker-laptop-art-car-stickers-wall-vinyl-decal-mural-decor-peel-and-stick-mountains-peak-hills-decals-cutting,"Nature's Majesty Vinyl Decal, Wall Sticker Art Design",20,20825889207909,7341147060728,medium — unitless Shopify option interpreted as inches,lt:title; lt:description; lv:title; lv:description; fi:title; fi:description,ee:description,
included,7348211745018,butterflies-vinyl-sticker-car-bumper-moth-wall-laptop-window-butterfly-set-kawaii-art-stickers-cute-nature-die-cut-decals-floral-decal,"Vinyl Whimsy Wings Sticker, Wall Art Decal, Kid's Room Adhesive Decoration",18,26955567442877,7341147060926,medium — unitless Shopify option interpreted as inches,lt:title; lt:description; lv:title; lv:description; fi:title; fi:description,ee:description,
included,7348218134778,fitness-gym-wall-workout-decor-vinyl-decal-inspirational-motivational-sports-stickers-quotes-for-exercise-room-beast-mode-sticker-decals-3,Fitness Motivational Decal: Unleash Inner Beast Mode Wall Sticker,16,13979950535488,7341147061107,medium — unitless Shopify option interpreted as inches,lt:title; lt:description; lv:title; lv:description; fi:title; fi:description,ee:description,
included,7348219019514,tree-sticker-decal-wall-birch-art-vinyl-nursery-stickers-nature-botanical-trees-decals-forest-decor-natural-big-leaf-peel-and-stick-1,"Serenity Tree Wall Sticker, Nature-Inspired Vinyl Decal, Botanical Art",19,23492570366032,7341147061268,medium — unitless Shopify option interpreted as inches,lt:title; lt:description; lv:title; lv:description; fi:title; fi:description,ee:description,
included,7348231733498,tree-sticker-decal-wall-birch-art-vinyl-nursery-stickers-nature-botanical-trees-decals-forest-decor-natural-big-winter-peel-and-stick,"Nature's Serenity, Vinyl Wall Decal, Artistic Design, Easy to Install – Removable Peel & Stick Wall Sticker",17,20874459332956,7341147061817,medium — unitless Shopify option interpreted as inches,lt:title; lt:description; lv:title; lv:description; fi:title; fi:description,ee:title; ee:description,
included,7348233404666,40x-dinosaur-silhouette-wall-decal-dino-nursery-baby-room-art-vinyl-decor-decals-kids-t-rex-boys-stickers-black-gold-boy-sticker-2,"Dinosaur Dreams Wall Sticker Set, Removable Vinyl Wall Decal Collection",15,12537437470869,7341147061985,medium — size range/single measurement derived from description,lt:title; lt:description; lv:title; lv:description; fi:title; fi:description,ee:description,
included,7348234092794,dj-wall-art-music-sticker-usa-club-label-vinyl-funky-party-phase-decoration-decal-sound-wave-deejay-techno-american-words-sign-mural,DJ Music Wall Decal - Soundwave Design Vinyl Wall Decal for Music Fans and DJs,20,12620297018035,7341147062135,medium — unitless Shopify option interpreted as inches,lt:title; lt:description; lv:title; lv:description; fi:title; fi:description,ee:description,
included,7348238188794,jukebox-art-wall-print-sticker-decor-old-music-box-song-party-jdm-die-cut-juke-vinyl-decal-in-90s-vintage-funny-record-retro-room-label,Retro Melody Vinyl Wall Decal - Vintage Music Box Themed Sticker,20,23068229128736,7341147062531,medium — unitless Shopify option interpreted as inches,lt:title; lt:description; lv:title; lv:description; fi:title; fi:description,ru:description; ee:description,
included,7348239106298,lets-cook-breaking-bad-quote-sticker-wall-kitchen-vinyl-crock-element-map-science-decal-funny-text-grill-since-cooker-cooking-mural,Let's Cook Kitchen Quote Wall Sticker,6,88026228280791,7448005475042,medium — unitless Shopify option interpreted as inches,lt:title; lt:description; lv:title; lv:description; fi:title; fi:description,ee:title; ee:description,
included,7348240384250,banksy-choose-your-weapon-vinyl-wall-sticker-dog-pack-art-critical-hit-teen-decor-teenager-gamer-wepon-decal-boy-walking-decals,Street Art Dog Walker Wall Decal - Urban Vinyl Sticker,15,62863519532339,7341147062746,medium — unitless Shopify option interpreted as inches,lt:title; lt:description; lv:title; lv:description; fi:title; fi:description,ru:description; ee:title; ee:description,
included,7348250738938,banksy-laugh-now-monkey-wall-sticker-art-vinyl-street-baksy-graffiti-decal-waterproof-chimp-decor-mural-keep-it-real-banksy-sticker,Monkey Graffiti Wall Decal - Urban Street Art Sticker,20,91623382453370,7341147062890,medium — unitless Shopify option interpreted as inches,lt:title; lt:description; lv:title; lv:description; fi:title; fi:description,ru:description; ee:title; ee:description,
included,7348251394298,world-map-vinyl-sticker-wall-art-vinyl-of-the-decor-decal-label-country-mural-stick-decals-large-earth-travel-stickers,"Wanderlust Vinyl Sticker - Wall Decal for Travel Lovers, Artistic Design",18,27226351174607,7341147063095,medium — unitless Shopify option interpreted as inches,lt:title; lt:description; lv:title; lv:description; fi:title; fi:description,ee:description,
included,7348252475642,tree-sticker-decal-wall-birch-art-vinyl-nursery-stickers-nature-botanical-trees-decals-forest-decor-natural-big-winter-peel-and-stick-1,"Nature's Serenity, Vinyl Wall Decal, Artistic Design, Easy to Install",19,20891958727113,7341147063279,medium — unitless Shopify option interpreted as inches,lt:title; lt:description; lv:title; lv:description; fi:title; fi:description,ee:description,
included,7348253753594,flamingo-decal-pink-sticker-tropical-art-cute-wall-decor-vinyl-stickers-animal-funny-bird-home-deco-die-cut-nursery-silhouette-flamingos,Flamingo Wall Decal - Tropical Bird Vinyl Sticker for Decoration,15,14039156524115,7341147063460,medium — unitless Shopify option interpreted as inches,lt:title; lt:description; lv:title; lv:description; fi:title; fi:description,ee:description,
included,7348255752442,get-naked-wall-bathroom-sticker-shower-vinyl-quote-fun-bath-funny-sexy-decal-bathtub-art-decor-humor-mirror-pool-door-nake-sign,Bathroom Humor Decal: Superior Bathroom Fun Embellishment and Makeover Accessory,19,64767065996470,7341147063613,medium — unitless Shopify option interpreted as inches,lt:title; lt:description; lv:title; lv:description; fi:title; fi:description,ee:description,
included,7348256702714,motivational-inspirational-wall-decal-quote-inspiring-positive-book-sticker-reading-lover-in-stickers-read-more-books-treasure-mural,InspireSpace Wall Sticker - Motivational Decal for Inspiration and Positivity,18,17854199789180,7341147063804,medium — unitless Shopify option interpreted as inches,lt:title; lt:description; lv:title; lv:description; fi:title; fi:description,ee:description,
included,7348257489146,nature-art-vinyl-cute-animal-set-stickers-tree-forest-botanical-cool-floral-die-cut-decal-bird-decorative-wild-wildlife-fox-sticker,Botanical Wildlife Vinyl Decal Set - Nature-Inspired Wall Stickers for Interior Design,18,70987766846669,7341147063989,medium — unitless Shopify option interpreted as inches,lt:title; lt:description; lv:title; lv:description; fi:title; fi:description,ee:description,
included,7348258701562,banksy-wall-decal-banksy-wall-sticker-large-art-lovesick-girl-love-peel-stick-vinyl-mural,Innovative Artistic Wall Sticker Vinyl Expressive Wall Adhesive Decorations,19,17574955236449,7341147064160,medium — unitless Shopify option interpreted as inches,lt:title; lt:description; lv:title; lv:description; fi:title; fi:description,ru:description; ee:description,
included,7348260405498,banksy-mona-lisa-wall-sticker-laptop-car-tablet-da-vinci-joconda-art-vinyl-decal-women-smile-launcher-street-bazooka-diy-decor-mural,Mona Lisa Street Art Wall Decal | Portrait Vinyl Sticker,20,41912715373181,7341147064481,medium — unitless Shopify option interpreted as inches,lt:title; lt:description; lv:title; lv:description; fi:title; fi:description,,
included,7348264501498,balloon-girl-banksy-wall-sticker-hot-air-nursery-baby-decor-vinyl-room-cute-decal-teen-love-silhouette-black-label-drawn-gift-mural,"Ethereal Dreams Removable Wall Sticker, Versatile Wall Applique",20,13544693809840,7341147065280,medium — unitless Shopify option interpreted as inches,lt:title; lt:description; lv:title; lv:description; fi:title; fi:description,ee:description,
included,7348265287930,banksy-panda-with-shooting-guns-wall-sticker-art-graffiti-gun-bear-vinyl-decal-street-bears-pistols-armed-pistol-pandas-stickers-decals,Artistic Urban Bear with Gun Wall Decal - Modern Interior Design Element,20,42249701859146,7341147065488,medium — unitless Shopify option interpreted as inches,lt:title; lt:description; lv:title; lv:description; fi:title; fi:description,ee:description,
included,7348265844986,world-map-vinyl-wall-sticker-country-name-word-kid-large-art-decor-decal-peel-and-stick-globe-explore-playroom-fun-mural-map-sticker-1,"World Expedition Wall Sticker, International Journey Wall Transfer",18,28009546647611,7341147065686,medium — unitless Shopify option interpreted as inches,lt:title; lt:description; lv:title; lv:description; fi:title; fi:description,ee:description,
included,7348268499194,family-tree-photo-frame-wall-decal,Family Tree Photo Frame Wall Decal | Vinyl Sticker,18,84316972956639,7341147066140,medium — unitless Shopify option interpreted as inches,lt:title; lt:description; lv:title; lv:description; fi:title; fi:description,ee:title; ee:description,
included,7348270629114,tree-wall-decal-decor-large-art-vinyl-sticker-for-nursery-kids-room-white-black-decals-decoration-living-bedroom-mural-giant-stickers,Contemporary Tree Wall Art Sticker - Decorative Vinyl Decal for Interior Design,17,92343939646566,7341147066522,medium — unitless Shopify option interpreted as inches,lt:title; lt:description; lv:title; lv:description; fi:title; fi:description,ee:description,
included,7348275806458,banksy-fallen-angel-wall-sticker-giant-art-street-graffiti-wings-vinyl-decal-vinyl-decor-rome-bottle-decals-home-room-mural-die-cut,"Urban Wings Designer Vinyl Decal, Wall Art Sticker for Decoration",19,26301700440449,7341147066799,medium — unitless Shopify option interpreted as inches,lt:title; lt:description; lv:title; lv:description; fi:title; fi:description,ee:description,
included,7348278296826,mountain-wall-decor-decal-nursery-mountains-vinyl-sticker-bedroom-room-art-boho-triangle-stickers-tribal-geometric-murals-decals,Boho Modern Vinyl Wall Decal - Geometric Peaks Design for Stylish Interiors,15,70095438532851,7341147067093,medium — unitless Shopify option interpreted as inches,lt:title; lt:description; lv:title; lv:description; fi:title; fi:description,ee:description,
included,7348279542010,woman-face-black-wall-vinyl-sticker-salon-girl-happy-women-eye-window-beauty-art-decal-pretty-removable-beautiful-sexy-head-silhouette-1,"Charming Silhouette Wall Decal, Vinyl Wall Art Sticker for Interior Design",20,82921480802331,7341147067406,medium — unitless Shopify option interpreted as inches,lt:title; lt:description; lv:title; lv:description; fi:title; fi:description,ru:description; ee:description,
included,7348280819962,family-quote-wall-sticker-love-sign-decor-vinyl-decal-room-art-quotes-stickers-rules-inspirational-motivational-inspiring-decals,Motivational Love and Family-Themed Wall Decal - Wall Art Stickers & Decorations,19,20324975851002,7341147067802,medium — unitless Shopify option interpreted as inches,lt:title; lt:description; lv:title; lv:description; fi:title; fi:description,ee:description,
included,7348281082106,lion-head-wall-vinyl-sticker-roar-animal-king-face-window-art-decor-silhouette-decal-wow-tattoo-stick-on-laptop-unique-room-print,Regal Lion Wall Vinyl Sticker - Majestic Jungle Decal,20,18956520545454,7341147068182,medium — unitless Shopify option interpreted as inches,lt:title; lt:description; lv:title; lv:description; fi:title; fi:description,ee:title; ee:description,
included,7348283146490,moon-phases-wall-decor-decal-gold-home-art-living-room-bedroom-sticker-decoration-silver-phase-cycle-nursery-lunar-crescent-vinyl-mural-1,"Moon Phase Wall Sticker, Astrological Cycle Wall Decal, Galaxy Theme Wall Art Decoration",20,20149014452667,7341147068380,medium — unitless Shopify option interpreted as inches,lt:title; lt:description; lv:title; lv:description; fi:title; fi:description,ru:description; ee:description,
included,7348283572474,windy-tree-wall-decal-vinyl-sticker-nursery-art-decor-blossom-large-green-decals-blowing-autumn-bending-swaying-baby-blown-stickers,Fantasy Tree Bend Wall Sticker - Decorative Vinyl Wall Decal,18,13692464397942,7341147068588,medium — unitless Shopify option interpreted as inches,lt:title; lt:description; lv:title; lv:description; fi:title; fi:description,ee:description,
included,7348284227834,family-kitchen-rule-quote-wall-sticker-house-art-home-sign-decor-funny-saying-vinyl-decal-my-love-word-fridge-refrigerator-mural,"Family Rules Wall Decal - Humorous Vinyl Sticker for Kitchen, Charming Home Decor",20,13672914594960,7341147068762,medium — unitless Shopify option interpreted as inches,lt:title; lt:description; lv:title; lv:description; fi:title; fi:description,ee:description,
included,7348285341946,tree-wall-decal-decor-birds-leaf-branches-bedroom-living-room-decals-large-art-stickers-sticker-vinyl-black-bird-mural-for-office-2,Chic Wall Sticker Featuring a Sophisticated Tree Silhouette Design,18,86003905208662,7341147068960,medium — unitless Shopify option interpreted as inches,lt:title; lt:description; lv:title; lv:description; fi:title; fi:description,ee:description,
included,7348286062842,music-is-my-life-wall-sticker-note-quote-gift-decor-art-vinyl-decal-dj-room-festival-love-event-earphone-saying-sign-stick-mural,"Wall Sticker, Harmony-Themed Music Decal - Vinyl, Easy Installation",20,27118389389693,7341147069141,medium — unitless Shopify option interpreted as inches,lt:title; lt:description; lv:title; lv:description; fi:title; fi:description,ru:description; ee:description,
included,7348286914810,welcome-vinyl-wall-stickers-front-door-sign-sticker-decal-hello-home-label-to-our-large-labels-hotel-gift-for-decor-vertical-decals,Deluxe Vinyl Wall Decals: Attractive Home Accents & Decorative Stickers,19,12485554012713,7341147069349,medium — unitless Shopify option interpreted as inches,lt:title; lt:description; lv:title; lv:description; fi:title; fi:description,ee:description,
included,7348288848122,tree-sticker-decal-wall-birch-art-vinyl-nursery-stickers-nature-botanical-trees-decals-forest-decor-natural-big-leaf-peel-and-stick-2,"Serenity Tree Wall Sticker, Nature-Inspired Vinyl Decal, Botanical Art",18,23511961886088,7341147069677,medium — unitless Shopify option interpreted as inches,lt:title; lt:description; lv:title; lv:description; fi:title; fi:description,ee:description,
included,7348289601786,tree-wall-decal-sticker-birch-art-vinyl-nursery-stickers-nature-botanical-trees-decals-forest-decor-natural-big-leaf-peel-and-stick,"Haven Nature-inspired Wall Stickers, Tree Decal Wall Art for Home Decoration",17,16975850238588,7341147069851,medium — unitless Shopify option interpreted as inches,lt:title; lt:description; lv:title; lv:description; fi:title; fi:description,ee:description,
included,7348291404026,i-love-you-yesterday-wall-sticker-always-loved-still-than-more-vinyl-quote-decal-today-got-on-my-art-heart-family-will-less-decor-decals,Love Forever Wall Sticker - Vinyl Adhesive Art Decoration for Walls,18,19261335807509,7341147070222,medium — unitless Shopify option interpreted as inches,lt:title; lt:description; lv:title; lv:description; fi:title; fi:description,ee:description,
included,7348292288762,bamboo-wall-vinyl-sticker-large-art-decor-stalk-set-door-home-design-decal-black-leaf-diy-adhesive-tropic-mural-bamboo-sticker,"Bamboo Wall Art, Vinyl Nature's Serenity Decal, Wall Decor Sticker",20,46123112880015,7341147070406,medium — unitless Shopify option interpreted as inches,lt:title; lt:description; lv:title; lv:description; fi:title; fi:description,ee:description,
included,7348292681978,live-laugh-love-sticker-quote-art-mac-wall-stickers-quotes-window-words-life-vinyl-decal-laptop-positive-inspiration-family-bedroom,Inspiring Positivity Quote Vinyl Decal - Elegant Wall Art Sticker,20,17897292057877,7341147070604,medium — unitless Shopify option interpreted as inches,lt:title; lt:description; lv:title; lv:description; fi:title; fi:description,ee:description,
included,7348293173498,hummingbird-wall-vinyl-sticker-colibri-art-decor-humming-bird-cute-colorful-home-decal-gift-waterproof-flying-tropical-exotic-baby-mural-1,Adorable Hummingbird Designed Wall Decal - Decorative Wall Art Sticker,20,37743055128191,7341147070802,medium — unitless Shopify option interpreted as inches,lt:title; lt:description; lv:title; lv:description; fi:title; fi:description,ee:description,
included,7348293959930,ps-i-love-you-wall-sticker-romantic-bedroom-quote-decor-art-vinyl-decal-more-sign-quotes-letter-home-romance-qoute-removable-stickers,Romantic Wall Decal - Love Quote Adhesive Sticker for Interior Decoration,20,23108476217447,7341147071007,medium — unitless Shopify option interpreted as inches,lt:title; lt:description; lv:title; lv:description; fi:title; fi:description,ee:description,
included,7348294648058,banksy-elephant-bomb-vinyl-sticker-heavy-weaponry-graffiti-bomber-missile-decal-elephant-bomber-missile-elephant-graffiti-sticker,Majestic Elephant Graffiti Style Vinyl Sticker - Vibrant Wall Art Decal,20,19568169946204,7341147071205,medium — unitless Shopify option interpreted as inches,lt:title; lt:description; lv:title; lv:description; fi:title; fi:description,ee:description,
included,7348297695482,butterflies-stickers-for-wall-car-laptop-vinyl-waterproof-art-sticker-set-deco-nature-butterfly-decals-colorful-insect-decorative-decal,"Butterfly Wall Decals Set - Nature's Flight, Wall Stickers, 3D Butterfly Decorations",10,73902264889017,7341147071403,medium — unitless Shopify option interpreted as inches,lt:title; lt:description; lv:title; lv:description; fi:title; fi:description,ee:description,
included,7348298481914,hello-vinyl-sticker-welcome-front-wall-text-art-decal-door-decor-sign-functional-stickers-large-calligraphy-business-outdoor-signs,Welcome Vinyl Sticker - Sophisticated Front Wall Art Decal,20,27353040057974,7341147071502,medium — unitless Shopify option interpreted as inches,lt:title; lt:description; lv:title; lv:description; fi:title; fi:description,ee:description,
included,7348299661562,teamwork-wall-office-sticker-inspirational-dreamwork-makes-quotes-art-decals-the-large-dream-work-vinyl-sign-for-decor-decal-stickers,InspireX Wall Decal for Office Environment,20,17872958947107,7341147071700,medium — unitless Shopify option interpreted as inches,lt:title; lt:description; lv:title; lv:description; fi:title; fi:description,ru:description; ee:description,
included,7348301529338,yang-yin-wall-sticker-vinyl-decal-yoga-window-art-ying-mandala-symbol-gift-prismatic-retro-vynil-spiritual-zen-mural-balance-stickers,Prismatic Mandala Zen Balance Wall Decal - Tranquil Symbol For Wall Decor,20,22652326977537,7341147071908,medium — unitless Shopify option interpreted as inches,lt:title; lt:description; lv:title; lv:description; fi:title; fi:description,ru:description; ee:description,
included,7348302446842,tropical-beach-window-wall-decal,3D Tropical Beach Window Wall Decal | Ocean View Mural,20,12239649378092,7341147072103,high,lt:title; lt:description; lv:title; lv:description; fi:title; fi:description,ee:title; ee:description,
included,7348302905594,music-is-life-wall-sticker-note-quote-gift-decor-art-vinyl-decal-dj-room-festival-love-event-earphone-saying-sign-stick-mural,"Wall Sticker, Harmony-Themed Music Decal - Vinyl, Easy Installation",20,27138698218473,7341147072301,medium — unitless Shopify option interpreted as inches,lt:title; lt:description; lv:title; lv:description; fi:title; fi:description,ee:description,
included,7348310212858,fitness-gym-wall-workout-decor-vinyl-decal-inspirational-motivational-sports-stickers-quotes-for-exercise-room-beast-mode-sticker-decals-5,Motivational Exercise Wall Sticker: Activate Your Beast Mode Decal,16,20229113798876,7341147072752,medium — unitless Shopify option interpreted as inches,lt:title; lt:description; lv:title; lv:description; fi:title; fi:description,ee:description,
included,7348311621882,wall-quotes-decal-for-living-room-decor-home-vinyl-sticker-quote-sayings-large-motivational-classroom-positive-words-greatest-pleasure,Inspirational Wall Decal - Motivational Quote Vinyl Sticker for Home Interior,15,17648515496036,7341147073100,medium — unitless Shopify option interpreted as inches,lt:title; lt:description; lv:title; lv:description; fi:title; fi:description,ee:description,
included,7348312965370,angel-wings-wall-decor-angels-wing-art-vinyl-decal-large-feather-sticker-for-room-decoration-the-girl-princess-home-3d-black-mural,Majestic Feather Wall Sticker - Ethereal Wings Vinyl Wall Art Decal,16,19588696827571,7341147073254,medium — unitless Shopify option interpreted as inches,lt:title; lt:description; lv:title; lv:description; fi:title; fi:description,ee:description,
included,7348313522426,music-is-my-life-quote-wall-sticker-art-decor-gift-note-notes-quotes-vinyl-decal-room-inspirational-motivational-musical-saying-decals,Vinyl Wall Decal with Musical Inspiration Design - Ideal for Wall Art,19,26877567634477,7341147073414,medium — unitless Shopify option interpreted as inches,lt:title; lt:description; lv:title; lv:description; fi:title; fi:description,ee:description,
included,7348314046714,deer-wildlife-wall-vinyl-sticker-baby-kit-antler-hunting-decor-hunter-art-animal-decal-nature-decoration-reindeer-label-silhouette-mural,Serene Oasis Nature-Inspired Wall Decal – Top-Ranked Wall Sticker with Natural Theme,18,23451137035830,7341147073605,medium — unitless Shopify option interpreted as inches,lt:title; lt:description; lv:title; lv:description; fi:title; fi:description,ee:description,
included,7348314177786,tree-sticker-decal-wall-birch-art-vinyl-nursery-stickers-nature-botanical-trees-decals-forest-decor-natural-big-leaf-peel-and-stick-3,Birch Grove Wall Decal,17,66198606920402,7341147073780,medium — unitless Shopify option interpreted as inches,lt:title; lt:description; lv:title; lv:description; fi:title; fi:description,,
included,7348314603770,inspirational-wall-vinyl-quote-sticker-motivational-positive-inspiration-decal-motivating-bedroom-classroom-saying-be-extraordinary,"Inspirational Wall Sticker, Extraordinary Wall Art, Adhesive Wall Décor",20,17663244254268,7341147073957,medium — unitless Shopify option interpreted as inches,lt:title; lt:description; lv:title; lv:description; fi:title; fi:description,ee:description,
included,7348314898682,woman-eye-vinyl-wall-sticker-art-lash-face-girl-eyelash-decor-beauty-salon-decal-pretty-sexy-beautiful-women-black-silhouette-mural-1,Chic Vinyl Wall Decal: Elegant Aesthetic Wall Art Sticker,20,85735170144990,7341147074152,medium — unitless Shopify option interpreted as inches,lt:title; lt:description; lv:title; lv:description; fi:title; fi:description,ru:description; ee:description,
included,7348316176634,heisenberg-wall-vinyl-sticker-eisenberg-breaking-bad-walter-funny-decal-die-cut-white-hipster-art-decals-home-room-boys-stickers,Chemistry-Themed Vinyl Wall Sticker - Humorous Decal,19,71539445589159,7341147074350,medium — unitless Shopify option interpreted as inches,lt:title; lt:description; lv:title; lv:description; fi:title; fi:description,ru:description; ee:title; ee:description,
included,7348316963066,elephant-head-wall-vinyl-sticker-art-window-animal-aztec-decor-nursery-geometric-decal-young-face-ganesha-indian-large-mandala-mural,Whimsical Elephant Wall Art Decal: Stylish & Elegant Design,20,27455723886995,7341147074541,medium — unitless Shopify option interpreted as inches,lt:title; lt:description; lv:title; lv:description; fi:title; fi:description,ee:description,
included,7348318241018,banksy-pulp-fiction-sticker-wall-art-vinyl-movie-jackson-pop-decal-tarantino-ficiton-funny-retro-die-cut-cool-samuel-fan-stick-graffiti-1,Retro Movie Duo Wall Art Sticker - Street Art Decal,19,59858426712524,7341147075128,medium — unitless Shopify option interpreted as inches,lt:title; lt:description; lv:title; lv:description; fi:title; fi:description,ru:description; ee:title; ee:description,
included,7348318732538,tree-sticker-decal-wall-birch-art-vinyl-nursery-stickers-nature-botanical-trees-decals-forest-decor-natural-big-leaf-peel-and-stick-4,"Nature's Serenity, Vinyl Wall Decal, Artistic Design, Easy to Install",17,20910864419428,7341147075319,medium — unitless Shopify option interpreted as inches,lt:title; lt:description; lv:title; lv:description; fi:title; fi:description,ee:description,
included,7348320698618,bamboo-wall-vinyl-sticker-large-art-decor-stalk-set-door-home-design-decal-black-leaf-diy-adhesive-tropic-mural-bamboo-decor,"Bamboo Wall Art Decal, Paradise Wall Sticker, Tropical Bamboo Mural",20,45925146845967,7341147075487,medium — unitless Shopify option interpreted as inches,lt:title; lt:description; lv:title; lv:description; fi:title; fi:description,ee:description,
included,7348321157370,elephant-stickers-cute-vinyl-wall-animal-decal-decor-nursery-sticker-art-tribal-decorative-gift-wallsticker-safari-trunk-up-decals,Vinyl Wall Elephant Decals - Charming Sticker Decorations,19,26916816172922,7341147075685,medium — unitless Shopify option interpreted as inches,lt:title; lt:description; lv:title; lv:description; fi:title; fi:description,ru:description; ee:description,
included,7348325515514,branch-wall-tree-sticker-vinyl-decal-bird-kids-room-decals-girls-nursery-birds-flower-baby-art-mural-leaves-decor-girl-removable-decal-1,Chic Tree Branch Wall Decal - Stylish Wall Art Sticker Decoration,19,85546102716576,7341147076187,medium — unitless Shopify option interpreted as inches,lt:title; lt:description; lv:title; lv:description; fi:title; fi:description,ru:description; ee:description,
included,7348327547130,moon-phase-wall-decor-decal-kid-full-large-sticker-for-nursery-baby-kids-room-bedroom-ceiling-decorations-art-home-removable-vinyl-2,Moon Phase Wall Decor Decal: Mesmerizing Celestial Wonder Art Piece,20,20093233205726,7341147076378,medium — unitless Shopify option interpreted as inches,lt:title; lt:description; lv:title; lv:description; fi:title; fi:description,ee:description,
included,7348332134650,40x-circle-wall-vinyl-decals-gold-dots-stickers-decal-for-bedroom-kids-room-girls-nursery-decor-circles-art-black-baby-removable-sticker,Gold Circle Wall Decals - Magic Circle Vinyl Stickers Collection,24,13186262093100,7341147076576,medium — size range/single measurement derived from description,lt:title; lt:description; lv:title; lv:description; fi:title; fi:description,ru:description; ee:title; ee:description,
included,7348333281530,tv-wall-decor-art-vinyl-decals-decorative-stickers-for-living-room-waterproof-large-removable-decal-decoration-interior-sticker,Stylish Wall Art Decals - Elevate Your Living Area with Elegant Transformations,18,24751311017969,7341147076811,medium — unitless Shopify option interpreted as inches,lt:title; lt:description; lv:title; lv:description; fi:title; fi:description,ee:description,
included,7348333805818,tv-wall-decor-art-vinyl-decals-decorative-stickers-for-living-room-waterproof-large-removable-decal-decoration-interior-sticker-1,Large Stylish TV Wall Vinyl Decals - Transform Your Living Space with Elegance,19,18450855250972,7341147076996,medium — unitless Shopify option interpreted as inches,lt:title; lt:description; lv:title; lv:description; fi:title; fi:description,ee:description,
included,7348334002426,banksy-monkey-queen-wall-art-sticker-funny-positive-vinyl-kitchen-decal-girls-living-room-house-decor-removable-stickers,"Queen Monkey Vinyl Wall Art Decal - Humorous, Playful & Creative Wall Sticker",13,22744243041316,7341147077184,medium — unitless Shopify option interpreted as inches,lt:title; lt:description; lv:title; lv:description; fi:title; fi:description,ru:description; ee:description,
included,7348334625018,banksy-caveman-art-graffiti-sticker-cool-cave-man-vinyl-wall-decal-funny-decor-sticky-decals-stickers,"Caveman Jokes Vinyl Wall Sticker, Comic Style Wall Tattoo, Humorous Art Decal",14,76888752711660,7341147077542,medium — unitless Shopify option interpreted as inches,lt:title; lt:description; lv:title; lv:description; fi:title; fi:description,ee:description,
included,7348335902970,40x-circle-wall-vinyl-decals-gold-dots-stickers-decal-for-bedroom-kids-room-girls-nursery-decor-circles-art-black-baby-removable-sticker-1,Chic Gold Circle Wall Stickers: Enhance Your Living Space with Flair,24,84619448290962,7341147077795,medium — size range/single measurement derived from description,lt:title; lt:description; lv:title; lv:description; fi:title; fi:description,ru:description; ee:description,
included,7348338917626,7x-rolls-of-herringbone-wallpaper-peel-and-stick-stickers-geometric-self-adhesive-black-removable-stripes-wall-waterproof-vinyl-decals,Peel and Stick Herringbone Wall Stickers - Space Transformation Accessories,13,21625385674626,7341147078341,medium — unitless Shopify option interpreted as inches,lt:title; lt:description; lv:title; lv:description; fi:title; fi:description,ru:description; ee:description,
included,7348346126586,picture-frames-family-wall-decal-photo-quote-saying-vinyl-sticker-for-room-decor-word-dining-art-foto-decoration,Vinyl Wall Decal - Stylish and Sophisticated Frames Design,7,26825500492727,7341147079461,medium — unitless Shopify option interpreted as inches,lt:title; lt:description; lv:title; lv:description; fi:title; fi:description,ru:description; ee:description,
included,7632870637818,full-moon-wall-sticker-moon-back-phase-decal-large-space-art-decor-vinyl-mural-for-kid-room-and-bedroom,"Phases of the Moon Wall Sticker Decal, Lunar Cycle Wall Art, Astrology Decor",24,22442727972287,7341147079805,medium — unitless Shopify option interpreted as inches,lt:title; lt:description; lv:title; lv:description; fi:title; fi:description,ru:description; ee:description,
included,7632872767738,giraffe-wall-art-sticker-thinking-dj-giraffes-head-headphones-vinyl-decal-funny-cool-graffiti-music-thinker-black-giraffe-large-mural,Dj Giraffe Vinyl Decal - Unique Giraffes Headphones Wall Art Design,36,12564880830249,7341147098721,medium — unitless Shopify option interpreted as inches,lt:title; lt:description; lv:title; lv:description; fi:title; fi:description,ee:description,
included,7632873685242,thinking-giraffe-sticker-inspired-by-banksy-art-vinyl-dj-baksy-wall-decal-headphones-giraffes-music-thinker-street-graffiti-smart-mural,Contemplative Giraffe Wall Sticker - Vinyl Decal Art for Children's Space,12,91315932525628,7341147080221,medium — unitless Shopify option interpreted as inches,lt:title; lt:description; lv:title; lv:description; fi:title; fi:description,ee:description,
included,7632878141690,thinking-dog-sticker-inspired-by-banksy-art-vinyl-dj-baksy-wall-decal-headphones-puppy-music-thinker-street-graffiti-smart-mural,Dog in Headphones Wall Sticker - Street Art Decal,36,60807342441048,7341147080344,medium — unitless Shopify option interpreted as inches,lt:title; lt:description; lv:title; lv:description; fi:title; fi:description,ru:description; ee:title; ee:description,
included,7632879255802,dog-in-headphones-stickers-inspired-by-banksy-graffiti-wall-decal-thinking-puppy-sticker-animal-stencil-wall-sticker-doggy-decal,Canine Music Wall Decal - Modern Street Art Sticker,36,63866634249089,7341147080702,medium — unitless Shopify option interpreted as inches,lt:title; lt:description; lv:title; lv:description; fi:title; fi:description,ee:title; ee:description,
included,7632880238842,cat-wall-art-sticker-thinking-dj-kitten-head-headphones-vinyl-decal-funny-cool-graffiti-music-thinker-black-kitty-large-mural,Feline Music Enthusiast Wall Decal - Cat Wall Sticker Art Design,36,13761579513726,7341147098936,medium — unitless Shopify option interpreted as inches,lt:title; lt:description; lv:title; lv:description; fi:title; fi:description,ee:description,
included,7632882139386,cat-wall-sticker-kitten-head-decal,"Charming Cat Wall Decal - Cute Feline Wall Art, Whimsical Cat Wall Decor Sticker",12,81639827066584,7341147099605,medium — unitless Shopify option interpreted as inches,lt:title; lt:description; lv:title; lv:description; fi:title; fi:description,ee:description,
included,7632887415034,panda-wall-art-sticker-thinking-dj-panda-bear-head-headphones-vinyl-decal-funny-cool-graffiti-music-thinker-black-pandas-large-mural,Expressive Panda Wall Decal: Vinyl Artistic Sticker for Wall Decoration,36,13582369625534,7341147099223,medium — unitless Shopify option interpreted as inches,lt:title; lt:description; lv:title; lv:description; fi:title; fi:description,,
included,7632889413882,thinking-panda-sticker-inspired-by-banksy-art-vinyl-dj-baksy-wall-decal-headphones-pandas-bear-music-thinker-street-graffiti-smart-mural,Panda in Headphones Wall Decal - Street Art Sticker,36,57908181310792,7341147098523,medium — unitless Shopify option interpreted as inches,lt:title; lt:description; lv:title; lv:description; fi:title; fi:description,ru:description; ee:title; ee:description,
included,7632890953978,lion-head-wall-art-sticker-thinking-dj-lions-headphones-vinyl-decal-music-graffiti-thinker-mural-face-funny-large-modern-black-decor,Contemporary Lion DJ Wall Decal - Artistic Animal Head Vinyl Sticker,12,91821789576808,7341147081662,medium — unitless Shopify option interpreted as inches,lt:title; lt:description; lv:title; lv:description; fi:title; fi:description,ee:description,
included,7632895508730,lion-in-headphones-stickers-inspired-by-banksy-graffiti-wall-decal-thinking-lion-sticker-animal-stencil-wall-sticker-lion-decal,"Lion Theme Wall Stickers, Groove Decals for Kids, Animal Escape Artwork",36,18996731708503,7341147098509,medium — unitless Shopify option interpreted as inches,lt:title; lt:description; lv:title; lv:description; fi:title; fi:description,ee:description,
included,7632911171834,the-glowing-moon-decal-glow-in-the-dark-stars-stickers-starry-night-light-fluorescent-stick-for-nursery-kid-room-ceiling-and-wall,"Galaxy Star Stickers, Night Sky Wall Decals, Star Themed Adhesive Set",1,14649881928571,7341147082201,medium — size range/single measurement derived from description,lt:title; lt:description; lv:title; lv:description; fi:title; fi:description,ee:description,
included,7736837669114,banksy-sorry-quote-wall-sticker-vinyl-art-print-saying-waterproof-decal-street-grafity-bansky-quote-stickers,Sorry Quote Street Art Wall Decal,16,92631186965839,7341147083987,medium — unitless Shopify option interpreted as inches,lt:title; lt:description; lv:title; lv:description; fi:title; fi:description,,
included,8567574036818,inspirational-home-office-decor-wall-art-decal-small-bossiness-motivational-saying-stickers-success-dreams-and-victories-quote-text-sign,Motivational Wall Art Decal | Small Business Success Quote,15,23743901013144,7341147085554,medium — unitless Shopify option interpreted as inches,lt:title; lt:description; lv:title; lv:description; fi:title; fi:description,ee:title; ee:description,
included,8567590322514,our-values-office-wall-decal-inspirational-conference-room-art-sticker-motivational-work-decor-success-decal-business-values-sticker,Motivational Success Inspire Wall Decal Sticker for Interior Design Enhancement,12,20343989335593,7341147085707,medium — unitless Shopify option interpreted as inches,lt:title; lt:description; lv:title; lv:description; fi:title; fi:description,ee:description,
included,8568307581266,gold-thin-line-stickers-geometric-peel-and-stick-stripe-wall-decals-for-bedroom-decor-nursery-room-black-long-lines-shape-vinyl-decal_1298935958_,Gold Geometric Wall Decals | 18 Long Vinyl Strips,1,14695713263122,7341147085820,high,lt:title; lt:description; lv:title; lv:description; fi:title; fi:description,ee:title; ee:description,
included,8568361877842,boho-sun-wall-decal-half-shape-sunshine-large-sticker-decor-for-nursery-kids-room-neutral-pastel-yellow-vinyl-peel-and-stick-mural_1305930621_,"Sunshine Delight Vinyl Wall Sticker, Peel and Stick Wall Art Decal for Interior Design",21,24932959086939,7341147086087,medium — unitless Shopify option interpreted as inches,lt:title; lt:description; lv:title; lv:description; fi:title; fi:description,ee:description,
included,8568361943378,kanagawa-wave-wallpaper-decal-the-great-waves-japanese-ocean-art-vinyl-wall-sticker-for-home-decor-peel-and-stick-large-japan-mural_1454684674_,Ocean Serenity Wall Art Decal - Japanese Inspired Design,10,21142544928219,7341147086292,medium — unitless Shopify option interpreted as inches,lt:title; lt:description; lv:title; lv:description; fi:title; fi:description,ee:description,
included,8568362139986,banksy-love-sick-girl-with-hearts-wall-decal-urban-street-art-graffiti-lovesick-vinyl-sticker-funny-hipster-spit-decor-heart-mural_1314319495_,Street Art Style Love Sick Girl Wall Decal - Urban Vinyl Sticker Collection,32,24454133334626,7341147086407,medium — unitless Shopify option interpreted as inches,lt:title; lt:description; lv:title; lv:description; fi:title; fi:description,ru:description; ee:description,
included,8568369447250,tiger-wall-art-sticker-thinking-dj-tiger-with-headphones-vinyl-decal-funny-cool-graffiti-music-wall-corner-mural-animal-thinker-gift_1451991934_,"Vinyl Wall Decal - DJ Tiger Design, Music-Inspired Animal Art for Walls",30,26795480439469,7341147086766,medium — unitless Shopify option interpreted as inches,lt:title; lt:description; lv:title; lv:description; fi:title; fi:description,ee:description,
included,8568371118418,charming-boho-style-rainbow-wall-sticker-nursery-room-cute-decal-decor-easy-to-apply-vibrant-colors-54x35-inches-_1506910080_,Boho Aesthetic Rainbow Wall Sticker - Kid's Room Decoration Decal - Wall Art Accessory,1,69369643409429,7341147088203,high,lt:title; lt:description; lv:title; lv:description; fi:title; fi:description,ru:description; ee:description,
included,8568371216722,jurassic-dinosaur-wall-decal,3D Dinosaur Wall Decal | Jurassic Broken Wall Illusion,6,23025371756522,7341147088210,high,lt:title; lt:description; lv:title; lv:description; fi:title; fi:description,ee:title; ee:description,
included,8568371937618,panda-wall-decal-removable-vinyl-bear-art-sticker-for-nursery-room-panda-wall-decor-with-free-shipping-worldwide-many-sizes-available_1540790012_,"Panda-themed Wall Sticker, Removable Paradise Panda Decal for Wall Decor",15,21518046277998,7341147088296,medium — unitless Shopify option interpreted as inches,lt:title; lt:description; lv:title; lv:description; fi:title; fi:description,ee:description,
included,8568375181650,tall-abstract-figure-silhouette-wall-decal,Tall Abstract Figure Silhouette Wall Decal | Vinyl Sticker,6,37549778905675,7341147088623,medium — unitless Shopify option interpreted as inches,lt:title; lt:description; lv:title; lv:description; fi:title; fi:description,ee:title; ee:description,
included,8568392581458,watercolor-happy-sun-wall-sticker-cheerful-nursery-decor-decal-smiling-sun-toddler-room-wall-art-joyful-sunny-kids-room-decoration_1474818386_,Whimsical Radiant Sunburst Wall Sticker - Vinyl Decal for Kid's Area,24,27502029380992,7341147088685,medium — unitless Shopify option interpreted as inches,lt:title; lt:description; lv:title; lv:description; fi:title; fi:description,ru:description; ee:description,
included,8568427381074,wyoming-decal-wyoming-state-bull-wall-sticker-wyoming-map-fan-removable-vinyl-mural-cool-car-bumper-stickers_1470328121_,Rustic Wyoming State Wall Decal - Charming Decal for Your Interior Walls,15,23190767754327,7341147090404,medium — unitless Shopify option interpreted as inches,lt:title; lt:description; lv:title; lv:description; fi:title; fi:description,ru:description; ee:description,
included,8568427479378,large-world-map-wall-decal-giant-travel-globe-with-country-names-vinyl-sticker-perfect-for-bedroom-and-living-room-decor_1525762793_,Global Traveler Themed Vinyl Wall Sticker Decal - World Exploration Design,15,14946719563109,7341147090558,medium — unitless Shopify option interpreted as inches,lt:title; lt:description; lv:title; lv:description; fi:title; fi:description,ee:description,
included,8568434950482,funny-christmas-tree-wall-vinyl-decal-large-dogs-sticker-decoration-living-kids-room-peel-stick-removable-holiday-puppies-mural-decor_1335766490_,Canine Christmas Tree Wall Sticker - Whimsical Dog Themed Wall Decals for Holidays,20,74319496727733,7341147091258,medium — unitless Shopify option interpreted as inches,lt:title; lt:description; lv:title; lv:description; fi:title; fi:description,ee:description,
included,8568435179858,pastel-rainbow-wall-sticker-nursery-baby-room-boho-decoration-vinyl-decal-large-shaped-neutral-earthy-rainbows-bedroom-mural_1436327535_,Pastel Dream Adhesive Wall Sticker - Removable Wall Art Mural Decal,21,21553111085313,7341147091456,medium — unitless Shopify option interpreted as inches,lt:title; lt:description; lv:title; lv:description; fi:title; fi:description,ee:description,
included,8568436490578,200x-gold-stars-wall-vinyl-stickers-elegant-peel-and-stick-decals-decor-for-ceiling-walls-bedroom-living-room-enchantment_1526429087_,"Gold Stars Vinyl Wall Stickers, 200x Pack Celestial Splendor Decorative Adhesive Decals",23,16161067498817,7341147092002,medium — size range/single measurement derived from description,lt:title; lt:description; lv:title; lv:description; fi:title; fi:description,,
included,8568436654418,halloween-haunting-ghoul-wall-art-decal-shadow-human-monster-sticker-frightening-door-garage-adhesives-wall-decor-for-holidays_1547124824_,Halloween Shadows Wall Decal - Ethereal Spooky Wall Decor Stickers,15,16838765233572,7341147092231,medium — unitless Shopify option interpreted as inches,lt:title; lt:description; lv:title; lv:description; fi:title; fi:description,,
included,8568446714194,watercolor-baby-panda-wall-decal-panda-bear-with-indian-feather-hat-nursery-sticker-safari-decor-for-boys-girls-room-many-sizes_1540782014_,"Safari Adventure Wall Art, Kids Room Watercolor Animal Wall Sticker Decal",15,23224317818889,7341147093320,medium — unitless Shopify option interpreted as inches,lt:title; lt:description; lv:title; lv:description; fi:title; fi:description,ee:description,
included,8568460476754,stylized-figure-flame-silhouette-wall-decal,Stylized Figure and Flame Silhouette Wall Decal | Vinyl Sticker,14,20712570287535,7341147094952,medium — unitless Shopify option interpreted as inches,lt:title; lt:description; lv:title; lv:description; fi:title; fi:description,ee:title; ee:description,
included,8568463294802,north-carolina-decal-nc-state-love-wall-sticker-caroline-map-tennessee-fan-removable-vinyl-mural-car-bumper-stickers_1470301639_,North Carolina Map Wall Decal | NC State Vinyl Sticker,16,24953522447917,7341147095188,medium — unitless Shopify option interpreted as inches,lt:title; lt:description; lv:title; lv:description; fi:title; fi:description,ru:title; ru:description; ee:title; ee:description,
included,8568464474450,thing-big-wall-art-sticker-for-office-success-thinking-smart-inspirational-motivational-conference-room-decor-decal-work-motivation_1489670231_,Think Big Office Wall Decal | Motivational Quote Sticker,19,24849122939392,7341147095232,medium — unitless Shopify option interpreted as inches,lt:title; lt:description; lv:title; lv:description; fi:title; fi:description,ee:title; ee:description,
included,8568465326418,flying-broom-figure-silhouette-wall-decal,Flying Broom Figure Silhouette Wall Decal | Vinyl Sticker,5,16935008318973,7341147095478,medium — unitless Shopify option interpreted as inches,lt:title; lt:description; lv:title; lv:description; fi:title; fi:description,ee:title; ee:description,
included,8568468930898,halloween-spider-web-window-decal-corner-glass-sticker-spooky-wall-window-spiderweb-decor-many-size-and-color-options_1560589713_,"Halloween Spider Web Wall Decal, Festive Corner Sticker - Spooky Season Decor",6,16868994155169,7341147096659,medium — unitless Shopify option interpreted as inches,lt:title; lt:description; lv:title; lv:description; fi:title; fi:description,,
included,8568469127506,stylized-anatomical-portrait-wall-decal,Stylized Anatomical Portrait Wall Decal | Vinyl Sticker,5,85497787965329,7341147096710,medium — unitless Shopify option interpreted as inches,lt:title; lt:description; lv:title; lv:description; fi:title; fi:description,ee:title; ee:description,
included,8568471519570,livestock-farm-animals-wall-sticker-farm-pig-cattle-chicken-car-decal-farming-ranch-gift-idea-western-animals-truck-vinyl-decals_1436267825_,Wall Art Decal Set Featuring Delightful Farm Animal Design,5,26985057778703,7341147096826,medium — unitless Shopify option interpreted as inches,lt:title; lt:description; lv:title; lv:description; fi:title; fi:description,ee:description,
included,8568477548882,wyoming-state-wall-sticker-bear-face-and-mountains-love-wall-sticker-wyoming-fan-removable-vinyl-mural-cool-car-bumper-stickers_1470323117_,"Vinyl Wall Decal - Wyoming State, Bear and Mountains Graphic Art Sticker",6,26871287442080,7341147097137,medium — unitless Shopify option interpreted as inches,lt:title; lt:description; lv:title; lv:description; fi:title; fi:description,ee:description,
included,8568482890066,butterflies-hair-wall-decal-butterfly-head-art-decor-vinyl-sticker-nursery-girls-room-beauty-decals-bedroom-women-silhouette-stickers_1300314052_,"Butterfly Wall Sticker, Nature's Beauty Theme, Wall Decal for Home Interior",3,74000033178569,7341147097472,medium — unitless Shopify option interpreted as inches,lt:title; lt:description; lv:title; lv:description; fi:title; fi:description,ru:description; ee:description,
included,8568483086674,siamese-cat-sticker-cute-kitty-vinyl-wall-decal-funny-kitten-art-pet-gift-for-cats-lover-waterproof-breed-car-die-cut-laptop-decal_1436288143_,Siamese Cat Wall Sticker - Adorable Feline Vinyl Wall Art Decal,5,23669526041654,7341147097502,medium — unitless Shopify option interpreted as inches,lt:title; lt:description; lv:title; lv:description; fi:title; fi:description,ee:description,
included,8568492884306,sasquatch-sticker-bigfoot-decal-cryptid-big-foot-stickers-funny-big-foot-gifts-for-men-yeti-squatchin-monster-decals-snowman-vinyl_1413539750_,Intriguing Yeti Decal - Enigmatic Bigfoot Sticker for Wall Art and Graphics,5,17917870592347,7341147097656,medium — unitless Shopify option interpreted as inches,lt:title; lt:description; lv:title; lv:description; fi:title; fi:description,ru:description; ee:description,
included,8609988444498,christmas-wreath-wall-decal-lights-48830,Merry and Bright Christmas Wall Decal,7,86850909667262,7341147099728,medium — unitless Shopify option interpreted as inches,lt:title; lt:description; lv:title; lv:description; fi:title; fi:description,ee:title; ee:description,
included,8609994375506,circular-santa-sleigh-and-deers-wall-80545,Circular Santa Sleigh and Deers Wall Decal - Christmas Silhouette Window Stickers - Holiday Room Decor - Festive Wall Art Mural,5,88967011708188,7341147099841,medium — unitless Shopify option interpreted as inches,lt:title; lt:description; lv:title; lv:description; fi:title; fi:description,ee:title; ee:description,
included,8610046312786,exquisite-hand-sketched-british-39899,Exquisite Hand-Sketched British Wildflower Wall Stickers - Elegant Vinyl Floral Decals - Living Room and Bedroom Wall Decor -Many sizes,15,13618140367106,7341147100097,medium — size range/single measurement derived from description,lt:title; lt:description; lv:title; lv:description; fi:title; fi:description,ee:title; ee:description,
included,8610050933074,half-geometric-mandala-wall-corner-decal-35052,Half Geometric Mandala Wall Corner Decal - Modern Living Room Vinyl Art - Yoga Studio Meditation Decor - Bedroom Headboard Sticker,5,16727867457757,7341147100240,medium — unitless Shopify option interpreted as inches,lt:title; lt:description; lv:title; lv:description; fi:title; fi:description,ee:title; ee:description,
included,8747100864850,banksy-zebra-stripes-wall-decal-urban-34279,Artist Zebra Stripes Wall Decal - Urban Street Art Graffiti Laundry Washing Vinyl Sticker - Funny Stripe Hipster Decor Mural,5,63818501278802,7341147104743,medium — unitless Shopify option interpreted as inches,lt:title; lt:description; lv:title; lv:description; fi:title; fi:description,ru:description; ee:description,
included,8747144347986,3d-art-animal-hole-in-wall-sticker-40521,3d Art Animal Hole In Wall Sticker - Vinyl Decor Broken Illusion Peel And Stick Decal - Porthole Crack Print Diy Cracked Printed Mural Panda,40,PRE-3DART-8X8RIG-MJ59,7341146890944,high,lt:title; lt:description; lv:title; lv:description; fi:title; fi:description,ru:description; ee:description,
included,8747145494866,colorful-owl-wall-sticker-cute-bird-98885,Colorful Owl Wall Sticker - Cute Bird Gift Vinyl Art Decor Decal -  Cool Funny Animal Print - Love Window Fancy Pretty Unique Big Mural,20,PRE-COLOWL-8X6-6275,7341146926872,high,lt:title; lt:description; lv:title; lv:description; fi:title; fi:description,ru:description; ee:description,
included,8747146281298,jukebox-art-wall-print-sticker-decor-44215,Retro Jukebox Wall Decal | Vintage Music Vinyl Sticker,20,18018826896497,7341147105436,medium — unitless Shopify option interpreted as inches,lt:title; lt:description; lv:title; lv:description; fi:title; fi:description,ru:title; ru:description; ee:title; ee:description,
included,8747146674514,banksy-barcode-robot-wall-vinyl-sticker-63170,Robot Graffiti Wall Decal | Urban Art Robot with Spray Can & Barcode,19,PRE-BANBAR-16X-1TM2,7341146920689,high,lt:title; lt:description; lv:title; lv:description; fi:title; fi:description,ru:description; ee:description,
included,8747148443986,elegant-flowers-wall-decals-nature-93376,Elegant Flowers Wall Decals - Nature Vinyl Stickers Set for Living Room - Chic Removable Nursery Decal - Bedroom Home Decor Sticker,19,13119687940638,7341147105740,medium — unitless Shopify option interpreted as inches,lt:title; lt:description; lv:title; lv:description; fi:title; fi:description,ru:description; ee:description,
included,8747148968274,modern-black-zigzag-wall-stickers-54430,Modern Black Zigzag Wall Stickers - Vertical Patterns Vinyl Stickers for Contemporary Room Decor - Geometric Peel Stick Stripe Wall Decal,21,PRE-MODBLA-GOL-DROU,7341147106020,high,lt:title; lt:description; lv:title; lv:description; fi:title; fi:description,ru:description; ee:description,
included,8747149656402,3d-elephant-head-wall-sticker-realistic-46914,3D Elephant Head Wall Sticker - Realistic Broken Illusion Effect Vinyl Decal - Peel and Stick Cracked Wall Mural for Animal Lovers Decor,20,PRE-3DELE-8X8-DKE2,7341146889993,high,lt:title; lt:description; lv:title; lv:description; fi:title; fi:description,ru:description; ee:description,
included,8747150049618,3d-dinosaurs-art-wall-sticker-vinyl-35675,3D Dinosaurs Art Wall Sticker - Vinyl Decor with Broken Illusion Effect - Peel-and-Stick Dino Porthole - Cracked Mural for DIY Enthusiasts,20,PRE-3DDIN-8X8-MEDR,7341146888583,high,lt:title; lt:description; lv:title; lv:description; fi:title; fi:description,ru:description; ee:description,
included,8747150344530,gym-wall-decal-muscled-gorilla-power-37436,Muscled Gorilla Beast Mode Gym Wall Decal,17,PRE-GYMWAL-4X3-A9GS,7341146927954,high,lt:title; lt:description; lv:title; lv:description; fi:title; fi:description,,
included,8747152965970,space-cat-wall-art-decor-transfer-sticker-91513,Space Cat Wall Art Decor Transfer Sticker - Funny Astronaut Kitten Decoration Decal - Kid Room Nursery Cute Kitty Vinyl Adhesive Mural,19,PRE-SPACAT-16X-U88P,7341146921655,high,lt:title; lt:description; lv:title; lv:description; fi:title; fi:description,ru:description; ee:description,
included,8747164860754,glow-in-dark-world-map-vinyl-sticker-31934,Glow-in-the-Dark World Map Wall Decal,20,15228494732739,7341147106402,medium — unitless Shopify option interpreted as inches,lt:title; lt:description; lv:title; lv:description; fi:title; fi:description,,
included,8747166138706,3d-dinosaurs-art-wall-sticker-vinyl-59994,3D Dinosaurs Art Wall Sticker - Vinyl Decal Decor with Dynamic Broken Illusion Effect - Peel-and-Stick Dino Porthole Mural for DIY Decor,20,PRE-3DDIN-8X8-N65Q,7341146904344,high,lt:title; lt:description; lv:title; lv:description; fi:title; fi:description,ru:description; ee:description,
included,8747166269778,elegant-monochrome-botanical-wall-sticker-25619,Elegant Monochrome Botanical Wall Sticker - Black Detailed Floral and Foliage Illustration Decal for Sophisticated Decor - Floral Room Mural,7,PRE-ELEMON-16X-S7TJ,7341146895024,high,lt:title; lt:description; lv:title; lv:description; fi:title; fi:description,ru:description; ee:description,
included,8747166531922,3d-dog-art-wall-sticker-cracked-12595,3D Cat Art Wall Sticker - Cracked Illusion Kitty Vinyl Decor - Peel-and-Stick Kitten Broken Porthole Mural for DIY Decor Lovers,20,PRE-3DDOG-8X8-OPHJ,7341146926124,high,lt:title; lt:description; lv:title; lv:description; fi:title; fi:description,ru:description; ee:description,
included,8747167121746,tree-with-blossom-flowers-and-birds-wall-63474,Tree with Blossom Flowers and Birds Wall Sticker - Elegant Vinyl Decor for Living Room - Floral Bird Nature Wall Art for Girls' Room,5,25836280781073,7341147107164,medium — unitless Shopify option interpreted as inches,lt:title; lt:description; lv:title; lv:description; fi:title; fi:description,,
included,8747167416658,3d-dog-art-wall-sticker-cracked-48346,3D Dog Art Wall Sticker - Cracked Illusion Vinyl Decor - Peel-and-Stick Puppy Broken Porthole Mural for DIY Decor Lovers,20,PRE-3DDOG-8X8-1F6Q,7341146888385,high,lt:title; lt:description; lv:title; lv:description; fi:title; fi:description,ru:description; ee:description,
included,8747168072018,wise-contemplative-ape-with-tunes-wall-18850,Wise Contemplative Ape with Tunes Wall Decal - Music-Loving Primate Vinyl Sticker - Thoughtful Monkey with Headphones Wall Art Mural,19,PRE-WISCON-161-9NC2,7341146892559,high,lt:title; lt:description; lv:title; lv:description; fi:title; fi:description,,
included,8747168334162,250x-polka-dots-wall-decal-irregular-67883,250x Polka Dots Wall Decal - Irregular Modern Dot Stickers - Minimalist Geometric Peel and Stick Dot Decal - Art for Kids Bedroom Classroom,12,72185832717137,7341147107218,medium — size range/single measurement derived from description,lt:title; lt:description; lv:title; lv:description; fi:title; fi:description,ru:description; ee:description,
included,8747169087826,banksy-love-sick-girl-with-hearts-wall-19495,Artist Love Sick Girl With Hearts Wall Decal - Urban Street Art Graffiti Lovesick Vinyl Sticker - Funny Hipster Spit Decor Heart Mural,32,PRE-BANLOV-4X3RIG-9O07,7341146898872,high,lt:title; lt:description; lv:title; lv:description; fi:title; fi:description,ru:description; ee:description,
included,8747169546578,leaf-wall-decor-stickers-botanical-peel-34630,Leaf Wall Decor Stickers - Botanical Peel Stick Green Leafs Decals - Nursery Olive Floral Vinyl Decal - Tropical Branch For Bedroom Sticker,1,PRE-LEAWAL-MDD6,7341147107331,medium — size range/single measurement derived from description,lt:title; lt:description; lv:title; lv:description; fi:title; fi:description,ru:description; ee:description,
included,8747169874258,full-moon-wall-sticker-moon-back-phase-22218,Full Moon Wall Sticker - Moon Back Phase Decal - Large Space Art Decor Vinyl Mural For Kid Room And Bedroom,24,PRE-FULMOO-2X2-FTVA,7341146918075,high,lt:title; lt:description; lv:title; lv:description; fi:title; fi:description,ru:description; ee:description,
included,8747173347666,scuba-diver-wall-sticker-fire-60971,Scuba Diver Wall Sticker - Fire Extinguisher Deep Dive Silhouette Vinyl Gift Decal - Down Diving Happy Diver Art Creative For Office Mural,15,23386036673776,7341147107416,medium — unitless Shopify option interpreted as inches,lt:title; lt:description; lv:title; lv:description; fi:title; fi:description,ru:description; ee:description,
included,8747174953298,balloon-girl-banksy-wall-sticker-hot-28396,Balloon Girl Artist Wall Sticker - Hot Air Nursery Baby Decor Vinyl Room Cute Decal - Teen Love Silhouette Black Label Drawn Gift Mural,20,45724304424281,7341147108611,medium — unitless Shopify option interpreted as inches,lt:title; lt:description; lv:title; lv:description; fi:title; fi:description,ru:description; ee:description,
included,8747176395090,our-values-office-wall-decal-01197,Our Values Office Wall Decal - Inspirational Conference Room Art Sticker - Motivational Work Decor - Success Decal - Business Values Sticker,17,21311930271245,7341147109380,medium — unitless Shopify option interpreted as inches,lt:title; lt:description; lv:title; lv:description; fi:title; fi:description,ru:description; ee:description,
included,8747182719314,scuba-diver-wall-sticker-fire-59839,Scuba Diver Silhouette Wall Decal,15,23401684174929,7341147110751,medium — unitless Shopify option interpreted as inches,lt:title; lt:description; lv:title; lv:description; fi:title; fi:description,,
included,8747184488786,banksy-panda-with-shooting-guns-wall-02646,Panda with Pistols Street Art Wall Decal | Vinyl Sticker,20,58268519282630,7341147111109,medium — unitless Shopify option interpreted as inches,lt:title; lt:description; lv:title; lv:description; fi:title; fi:description,ru:title; ru:description; ee:title; ee:description,
included,8747190092114,banksy-thinking-monkey-sticker-art-25070,Artist Thinking Monkey Sticker - Art Vinyl Street Dj WriterWall Decal - Headphones Chimp Music Thinker Graffiti Mural - Boy Smart Decals,40,PRE-BANTHI-8X5LEF-OFE,7341146900742,high,lt:title; lt:description; lv:title; lv:description; fi:title; fi:description,ru:description; ee:description,
included,8747190911314,eat-drink-enjoy-quote-wall-vinyl-sticker-02045,Eat Drink Enjoy Quote Wall Vinyl Sticker - Kitchen Love Tag And Text Decal Sign - Inspirational Sayings Decor Sign Room Mural,19,12869873275042,7341147112663,medium — unitless Shopify option interpreted as inches,lt:title; lt:description; lv:title; lv:description; fi:title; fi:description,ru:description; ee:description,
included,8747191828818,nature-art-vinyl-cute-animal-set-stickers-08846,Nature Art Vinyl Cute Animal Set Stickers - Tree Forest Botanical Cool Floral Die Cut Decal - Bird Decorative Wild Wildlife Fox Sticker,18,20777895356982,7341147113011,medium — unitless Shopify option interpreted as inches,lt:title; lt:description; lv:title; lv:description; fi:title; fi:description,ru:description; ee:description,
included,8747192156498,tree-wall-decal-sticker-birch-art-vinyl-72832,Tree Wall Decal Sticker - Birch Art Vinyl Nursery Stickers - Nature Botanical Trees Decals - Forest Decor Natural Big Leaf Peel And Stick,17,25819558180235,7341147113196,medium — unitless Shopify option interpreted as inches,lt:title; lt:description; lv:title; lv:description; fi:title; fi:description,ru:description; ee:description,
included,8747192648018,tree-sticker-decal-wall-birch-art-vinyl-38693,Tree Sticker Decal - Wall Birch Art Vinyl Nursery Stickers - Nature Botanical Trees Decals - Forest Decor Natural Big Leaf Peel And Stick,17,25442284843221,7341147113363,medium — unitless Shopify option interpreted as inches,lt:title; lt:description; lv:title; lv:description; fi:title; fi:description,ru:description; ee:description,
included,8747193172306,tree-sticker-decal-wall-birch-art-vinyl-44196,Tree Sticker Decal - Wall Birch Art Vinyl Nursery Stickers - Nature Botanical Trees Decals - Forest Decor Natural Big Winter Peel And Stick,19,25459202537581,7341147113530,medium — unitless Shopify option interpreted as inches,lt:title; lt:description; lv:title; lv:description; fi:title; fi:description,ru:description; ee:description,
included,8747194384722,octopus-tentacles-vinyl-wall-art-sticker-29143,Octopus Tentacles Wall Decal for Bathroom,20,21216904504572,7341147113721,medium — unitless Shopify option interpreted as inches,lt:title; lt:description; lv:title; lv:description; fi:title; fi:description,,
included,8747195040082,woman-face-black-wall-vinyl-sticker-77470,Woman Face Black Wall Vinyl Sticker - Salon Girl Happy Women Eye Window Beauty Art Decal - Pretty Removable Beautiful Sexy Head Silhouette,20,27949827125809,7341147113929,medium — unitless Shopify option interpreted as inches,lt:title; lt:description; lv:title; lv:description; fi:title; fi:description,ru:description; ee:description,
included,8747200217426,lockdown-positive-quote-sticker-71588,Focus on Building the New Quote Wall Decal,21,19180699044913,7341147114452,medium — unitless Shopify option interpreted as inches,lt:title; lt:description; lv:title; lv:description; fi:title; fi:description,,
included,8747202183506,world-map-vinyl-wall-sticker-country-52514,World Map Vinyl Wall Sticker - Country Name Word Kid Large Art Decor Decal - Peel And Stick Globe Explore Playroom Fun Mural - Map Sticker,18,28105402215492,7341147114988,medium — unitless Shopify option interpreted as inches,lt:title; lt:description; lv:title; lv:description; fi:title; fi:description,ru:description; ee:description,
included,8747202740562,headphone-vinyl-wall-sticker-music-art-21753,Headphone Vinyl Wall Sticker - Music Art Dj Diecut Weatherproof Decal - Silhouette Cut Decor Mural - Music Sticker - Headphone Sticker,20,17012611268346,7341147115169,medium — unitless Shopify option interpreted as inches,lt:title; lt:description; lv:title; lv:description; fi:title; fi:description,ru:description; ee:description,
included,8747203133778,banksy-laugh-now-monkey-wall-sticker-32495,Artist Laugh Now Monkey Wall Sticker - Art Vinyl Street WriterGraffiti Decal - Waterproof Chimp Decor Mural - Keep It Real - Writer Sticker,20,54147201900272,7341147115367,medium — unitless Shopify option interpreted as inches,lt:title; lt:description; lv:title; lv:description; fi:title; fi:description,ru:description; ee:description,
included,8747205198162,glow-in-dark-bloody-hands-scary-red-vinyl-78699,Glow In Dark Bloody Hands Scary Red Vinyl Sticker - Night Glowing Zombie Blood Car Wall Decal Print - Realistic Luminescent Light Ghost,20,PRE-GLOIN-8X5-HL4B,7341146931296,high,lt:title; lt:description; lv:title; lv:description; fi:title; fi:description,ru:description; ee:description,
included,8747206082898,banksy-glowing-vinyl-wall-decal-monkey-16564,Glow-in-the-Dark Monkey with Headphones Wall Decal,20,PRE-BANGLO-8X5-RV2K,7341146931692,high,lt:title; lt:description; lv:title; lv:description; fi:title; fi:description,ru:title; ru:description; ee:title; ee:description,
included,8747207426386,watercolor-happy-sun-wall-sticker-18386,Watercolor Happy Sun Wall Sticker - Cheerful Nursery Decor Decal - Smiling Sun Toddler Room Wall Art - Joyful Sunny Kids Room Decoration,24,PRE-WATHAP-2X2-OV6I,7341146894584,high,lt:title; lt:description; lv:title; lv:description; fi:title; fi:description,ru:description; ee:description,
included,8747207917906,giraffe-wall-decal-playful-animal-43651,Giraffe Wall Decal - Playful Animal Stickers - Toddler Room Decor - Nursery Animal Enrichment - Adorable Kid's Room Wall Art Mural,30,PRE-GIRWAL-8X5RIG-SPH3,7341146906782,high,lt:title; lt:description; lv:title; lv:description; fi:title; fi:description,ru:description; ee:description,
included,8747208147282,gym-quote-wall-decal-sweat-is-the-fuel-26681,Sweat Is the Fuel of Champions Gym Wall Decal,16,16658785602891,7341147116814,medium — unitless Shopify option interpreted as inches,lt:title; lt:description; lv:title; lv:description; fi:title; fi:description,,
included,8747208802642,motivational-gym-wall-decal-believe-in-05610,Believe in Yourself and Lift Heavy Gym Wall Decal,24,20245896962416,7341147116975,medium — unitless Shopify option interpreted as inches,lt:title; lt:description; lv:title; lv:description; fi:title; fi:description,,
included,8747209818450,dog-in-headphones-stickers-inspired-by-28340,Dog with Headphones Wall Decal | Left or Right Direction,36,12660244664855,7341147117217,medium — unitless Shopify option interpreted as inches,lt:title; lt:description; lv:title; lv:description; fi:title; fi:description,ee:title; ee:description,
included,8747210441042,our-value-wall-decal-office-decor-04232,Our Value Wall Decal Office Decor Sticker,20,21291281255309,7341147117576,medium — unitless Shopify option interpreted as inches,lt:title; lt:description; lv:title; lv:description; fi:title; fi:description,ru:description; ee:description,
included,8747212439890,tv-wall-decor-art-vinyl-decals-55241,TV Wall Decor Art Vinyl Decals - Decorative Stickers For Living Room - Waterproof Large Removable Decal - Decoration Interior Sticker,18,25982730760689,7341147117958,medium — unitless Shopify option interpreted as inches,lt:title; lt:description; lv:title; lv:description; fi:title; fi:description,ru:description; ee:description,
included,8747217944914,tree-wall-decal-decor-large-art-vinyl-05468,Tree Wall Decal Decor - Large Art Vinyl Sticker For Nursery Kids Room - White Black Decals Decoration Living Bedroom Mural Giant Stickers,17,25785158671957,7341147118139,medium — unitless Shopify option interpreted as inches,lt:title; lt:description; lv:title; lv:description; fi:title; fi:description,ru:description; ee:description,
included,8747221483858,moon-phases-wall-decor-decal-gold-home-00184,Moon Phases Wall Decor Decal - Gold Home Art Living Room Bedroom Sticker Decoration - Silver Phase Cycle Nursery Lunar Crescent Vinyl Mural,20,20169433377897,7341147118306,medium — unitless Shopify option interpreted as inches,lt:title; lt:description; lv:title; lv:description; fi:title; fi:description,ru:description; ee:description,
included,8747223712082,banksy-barcode-robot-wall-vinyl-sticker-22796,Barcode Robot Street Art Wall Decal | Vinyl Sticker,19,47810880217922,7341147118719,medium — unitless Shopify option interpreted as inches,lt:title; lt:description; lv:title; lv:description; fi:title; fi:description,ru:title; ru:description; ee:title; ee:description,
included,8747225514322,banksy-flower-throw-me-wall-sticker-44920,Artist Flower Throw Me Wall Sticker - Petal Vinyl Thrower Favor Chucker Decal - Student Unique Gift Paper Patry The Favour Art Mural,19,51208836285392,7341147118986,medium — unitless Shopify option interpreted as inches,lt:title; lt:description; lv:title; lv:description; fi:title; fi:description,ru:description; ee:description,
included,8747226202450,enchanted-gold-dragon-wall-decal-79181,Enchanted Gold Dragon Wall Decal - Whimsical Baby Dragon Sticker Mural - Hand-Painted Watercolor Fairytale Art for Kids' Room,7,PRE-ENCGOL-16X-KN8D,7341146891347,high,lt:title; lt:description; lv:title; lv:description; fi:title; fi:description,ru:description; ee:description,
included,8747226988882,cute-sleeping-animal-nursery-wall-sticker-74753,Cute Sleeping Animal Nursery Wall Sticker - Sweet Dreams Cloud Kid Baby Room Decor Decal - Toddler Teddy Bear Removable Bunny Children Decal,12,PRE-CUTSLE-BOO-TNT1,7341147119174,medium — size range/single measurement derived from description,lt:title; lt:description; lv:title; lv:description; fi:title; fi:description,ru:description; ee:description,
included,8747228496210,mountain-wall-decal-mountains-vinyl-24582,Mountain Wall Decal | Nursery Landscape Vinyl Sticker,20,PRE-MOUWAL-8X3-CUK6,7341146932903,high,lt:title; lt:description; lv:title; lv:description; fi:title; fi:description,ee:title; ee:description,
included,8747229118802,banksy-monkey-wall-sticker-bansky-art-76860,Monkey Street Art Wall Decal | Vinyl Sticker,18,PRE-BANMON-24X-NMKS,7341146930510,high,lt:title; lt:description; lv:title; lv:description; fi:title; fi:description,ee:title; ee:description,
included,8747230888274,50x-glasses-wall-decals-decor-13901,50-Piece Glasses Wall Decal Set,14,35147531055475,7341147120446,medium — size range/single measurement derived from description,lt:title; lt:description; lv:title; lv:description; fi:title; fi:description,,
included,8747232002386,30-butterfly-wall-decor-stickers-art-90920,30 Butterfly Wall Decor Stickers - Art Decorations Decals For Girl Room Bedroom - Baby Kids Girls Pink Nursery Sticker - 3d Party Decoration,7,PRE-30BUT-BLU-I128,7341147120583,medium — size range/single measurement derived from description,lt:title; lt:description; lv:title; lv:description; fi:title; fi:description,ru:description; ee:description,
included,8747234263378,life-is-beautiful-banksy-street-art-wall-46866,Life Is Beautiful Artist Street Art Wall Decal - Singing Woman Lifeisbeautiful Sticker - Cool Home Decor Vinyl Stickers With Flower For Room,20,18815468012365,7341147120651,medium — unitless Shopify option interpreted as inches,lt:title; lt:description; lv:title; lv:description; fi:title; fi:description,ru:description; ee:description,
included,8747238654290,hummingbird-wall-vinyl-sticker-colibri-52548,Hummingbird Wall Vinyl Sticker - Colibri Art Decor Humming Bird Cute Colorful Home Decal Gift - Waterproof Flying Tropical Exotic Baby Mural,40,PRE-HUMWAL-7X8GLO-4KV4,7341146898308,high,lt:title; lt:description; lv:title; lv:description; fi:title; fi:description,ru:description; ee:description,
included,8747241406802,banksy-monkey-wall-sticker-art-vinyl-66842,Artist Monkey Wall Sticker - Art Vinyl Street WriterDecal - Graffiti Mural Chimp Artwork Decals - Laugh Now Print Gorilla Smart Mural,19,55383545517808,7341147120859,medium — unitless Shopify option interpreted as inches,lt:title; lt:description; lv:title; lv:description; fi:title; fi:description,ru:description; ee:description,
included,8747264835922,lockdown-positive-quote-sticker-07597,"Positive Mind, Positive Vibes Wall Decal",20,19201772922137,7341147121238,medium — unitless Shopify option interpreted as inches,lt:title; lt:description; lv:title; lv:description; fi:title; fi:description,,
included,8747270504786,patterned-mountain-wall-decor-decal-kid-60162,Patterned Mountain Wall Decor Decal - Kid Room Art Vinyl Home Black Sticker - Nursery Woodland Mural - Tribal Decals Stickers,15,21595971989174,7341147121634,medium — unitless Shopify option interpreted as inches,lt:title; lt:description; lv:title; lv:description; fi:title; fi:description,ru:description; ee:description,
included,8747283644754,banksy-girl-anarchist-wall-sticker-17773,Artist Girl Anarchist Wall Sticker - Magical Daisy Antifa Communist Anarchy Decal - Radical Political Street Art Anarchism Mural,19,PRE-BANGIR-16X-HBD,7341146869087,high,lt:title; lt:description; lv:title; lv:description; fi:title; fi:description,ru:description; ee:description,
included,8747285610834,tree-sticker-decal-wall-birch-art-vinyl-55911,Tree Sticker Decal - Wall Birch Art Vinyl Nursery Stickers - Nature Botanical Trees Decals - Forest Decor Natural Big Leaf Peel And Stick,17,25478322759617,7341147121825,medium — unitless Shopify option interpreted as inches,lt:title; lt:description; lv:title; lv:description; fi:title; fi:description,ru:description; ee:description,
included,8747287609682,leopard-heart-wall-sticker-art-print-69146,Leopard Heart Wall  Sticker - Art Print Texas Vinyl Decal - Room Love Decor Pink Stickers - Jaguar Wild Skin Removable Bedroom Large Decals,20,18745819072676,7341147121993,medium — unitless Shopify option interpreted as inches,lt:title; lt:description; lv:title; lv:description; fi:title; fi:description,ru:description; ee:description,
included,8747291017554,banksy-napoleon-vinyl-wall-sticker-art-35323,Napoleon Street Art Wall Decal | Direction Options,40,PRE-BANNAP-7X8LEF-SHCR,7341146885964,high,lt:title; lt:description; lv:title; lv:description; fi:title; fi:description,ee:title; ee:description,
included,8747291869522,nursery-tree-vinyl-wall-decal-large-89584,Nursery Tree Vinyl Wall Decal - Large Decor Bird Owl Boy Girl Kid Baby Art Set Sticker - Colorful Butterfly Room Nature Playroom Big Mural,26,PRE-NURTRE-28MAT-L1DG,7341146888125,medium — size range/single measurement derived from description,lt:title; lt:description; lv:title; lv:description; fi:title; fi:description,ru:description; ee:description,
included,8747294556498,deer-wildlife-wall-vinyl-sticker-baby-15730,Deer Wildlife Wall Vinyl Sticker - Baby Kit Antler Hunting Decor Hunter Art Animal Decal - Nature Decoration Reindeer Label Silhouette Mural,18,12420693548274,7341147122198,medium — unitless Shopify option interpreted as inches,lt:title; lt:description; lv:title; lv:description; fi:title; fi:description,ru:description; ee:description,
included,8747295736146,family-quote-wall-sticker-love-sign-09990,Family Love Quote Wall Decal | Where Life Begins,19,13653314550720,7341147122372,medium — unitless Shopify option interpreted as inches,lt:title; lt:description; lv:title; lv:description; fi:title; fi:description,,
included,8747297177938,boho-sun-wall-decal-half-shape-sunshine-30621,Boho Sun Wall Decal - Half Shape Sunshine Large Sticker Decor For Nursery Kids Room - Neutral Pastel Yellow Vinyl Peel And Stick Mural,21,PRE-BOHSUN-4X2-SCPT,7341146890197,high,lt:title; lt:description; lv:title; lv:description; fi:title; fi:description,ru:description; ee:description,
included,8747300454738,giraffe-wall-sticker-giraffes-head-95149,Giraffe Head Wall Decal | Left or Right Direction,36,PRE-GIRWAL-24XLEF-2STD,7341146890586,high,lt:title; lt:description; lv:title; lv:description; fi:title; fi:description,ee:title; ee:description,
included,8747301306706,cat-wall-sticker-kitten-head-40305,Cat Head Wall Decal | Left or Right Direction,36,PRE-CATWAL-24XLEF-17BH,7341146907086,high,lt:title; lt:description; lv:title; lv:description; fi:title; fi:description,ru:title; ru:description; ee:title; ee:description,
included,8747302912338,cute-tiger-wall-sticker-baby-kid-34449,Cute Tiger Nursery Wall Decal | Vinyl Sticker,20,PRE-CUTTIG-8X6-G9TH,7341146896625,high,lt:title; lt:description; lv:title; lv:description; fi:title; fi:description,ru:title; ru:description; ee:title; ee:description,
included,8747304616274,glow-in-dark-life-is-beautiful-banksy-37736,Glow In Dark Life Is Beautiful Artist Street Art Wall Decal - Night Light Glowing Neon Singing Woman Sticker - Home Decor Mural,20,PRE-GLOIN-7X8-SJO8,7341146889283,high,lt:title; lt:description; lv:title; lv:description; fi:title; fi:description,ru:description; ee:description,
included,8747306746194,geometric-wall-mural-decal-hexagon-97732,Geometric Wall Mural Decal - Hexagon Honeycomb Vinyl Bedroom Sticker - Nursery Room Decor Honey Bee Shape Art Mural,20,14675070198055,7341147123003,medium — unitless Shopify option interpreted as inches,lt:title; lt:description; lv:title; lv:description; fi:title; fi:description,ru:description; ee:description,
included,8747307237714,banksy-police-kissing-wall-sticker-04996,Artist Police Kissing Wall Sticker - Street Art Peel and Stick Vinyl Decal - Cops Kiss Large Mural,20,58462853675970,7341147123201,medium — unitless Shopify option interpreted as inches,lt:title; lt:description; lv:title; lv:description; fi:title; fi:description,ru:description; ee:description,
included,8747308745042,moon-phase-wall-decor-decal-kid-full-09981,Moon Phase Wall Decor Decal - Kid Full Large Sticker For Nursery Baby Kids Room - Bedroom Ceiling Decorations Art Home Removable Vinyl,20,20033345256886,7341147123560,medium — unitless Shopify option interpreted as inches,lt:title; lt:description; lv:title; lv:description; fi:title; fi:description,ru:description; ee:description,
included,8747309465938,police-car-wall-vinyl-sticker-officer-18173,Police Car Wall Vinyl Sticker - Officer Art  Mural Decal Label - Policeman Patrol Decor Gift - Police Car Sticker - Police Car Vinyl,20,PRE-POLCAR-8X3-OUVT,7341146889597,high,lt:title; lt:description; lv:title; lv:description; fi:title; fi:description,ru:description; ee:description,
included,8747309924690,tree-sticker-decal-wall-birch-art-vinyl-09637,Tree Sticker Decal - Wall Birch Art Vinyl Nursery Stickers - Nature Botanical Trees Decals - Forest Decor Natural Big Winter Peel And Stick,17,25495132656393,7341147124000,medium — unitless Shopify option interpreted as inches,lt:title; lt:description; lv:title; lv:description; fi:title; fi:description,ee:description,
included,8747310580050,fish-vinyl-wall-sticker-set-art-decor-66107,Fish Vinyl Wall Sticker Set - Art Decor Cute Waterproof Fishing Ocean Outdoor Decoration Decal - Decorative Gift Window Sea Flyfishing Mural,10,13874159229522,7341147124178,high,lt:title; lt:description; lv:title; lv:description; fi:title; fi:description,ee:description,
included,8747313037650,wyoming-state-wall-sticker-bear-face-23117,Wyoming State Wall Sticker - Bear Face And Mountains Love Wall Sticker - Wyoming Fan Removable Vinyl Mural - Cool Car Bumper Stickers,20,28270984136385,7341147124468,medium — unitless Shopify option interpreted as inches,lt:title; lt:description; lv:title; lv:description; fi:title; fi:description,ee:description,
included,8747314970962,north-carolina-sticker-removable-vinyl-12191,North Carolina Sticker - Removable Vinyl Wall Stickers - NC State Map Design Decal - Tennessee Fan Gift - USA Flag State Decals,30,PRE-NORCAR-8X3TAR-9GRV,7341146893143,high,lt:title; lt:description; lv:title; lv:description; fi:title; fi:description,ee:description,
included,8747316085074,north-carolina-love-decal-removable-09632,North Carolina Love Decal - Removable Vinyl Wall Sticker - NC State Map Design - Tennessee Fan Gift - The Tar Heel State Quote Sticker,30,PRE-NORCAR-8X3TAR-3B20,7341146893440,high,lt:title; lt:description; lv:title; lv:description; fi:title; fi:description,ee:description,
included,8747316773202,forest-animals-and-trees-wall-decal-for-15385,Forest Animals and Trees Wall Decal for Kids Room - Nursery Woodland Stickers with Watercolor Tree - Big Wall Decor Set,3,PRE-FORANI-SMA-6IAP,7341147124666,high,lt:title; lt:description; lv:title; lv:description; fi:title; fi:description,ee:description,
included,8747320901970,40x-bee-wall-stickers-bumble-queen-02674,40x Bee Wall Stickers - Bumble Queen Honey Decor For Bedroom The Living Room Nursery Removable Vinyl Decals - Baby Home Art Cute Bumblebee,11,31670267390537,7341147124949,medium — size range/single measurement derived from description,lt:title; lt:description; lv:title; lv:description; fi:title; fi:description,ee:description,
included,8747322605906,banksy-animal-truck-vinyl-wall-sticker-59420,Animal Truck Street Art Wall Decal | Direction Options,40,PRE-BANANI-8X5LEF-H29S,7341146892740,high,lt:title; lt:description; lv:title; lv:description; fi:title; fi:description,ru:title; ee:title; ee:description,
included,8747327553874,banksy-mona-lisa-wall-sticker-laptop-60121,Artist Mona Lisa Wall Sticker - Laptop Car Tablet Da Vinci Joconda Art Vinyl Decal - Women Smile Launcher Street Bazooka Diy Decor Mural,20,55056323046400,7341147125250,medium — unitless Shopify option interpreted as inches,lt:title; lt:description; lv:title; lv:description; fi:title; fi:description,ee:description,
included,8747328602450,24x-the-flying-butterfly-glow-at-night-70012,24x The Flying Butterfly Glow At Night Decal - Glowing Vinyl In Dark Sticker Butterflies - Art Wall Elements Of Nature Illustration Decor,20,PRE-24XTHE-8X8-24BS,7341146892153,high,lt:title; lt:description; lv:title; lv:description; fi:title; fi:description,,
included,8747329388882,banksy-follow-your-dreams-wall-sticker-35182,Follow Your Dreams Street Art Wall Decal | Vinyl Sticker,20,PRE-BANFOL-8X6-PFJE,7341146889795,high,lt:title; lt:description; lv:title; lv:description; fi:title; fi:description,ru:title; ee:title; ee:description,
included,8747329814866,nursery-giraffe-vinyl-wall-sticker-baby-35561,Nursery Giraffe Vinyl Wall Sticker - Baby Art Cute Funny Gift Animal Decor Decal - Boy Girl Africa Decorative Colourful Jungle Kid Print,20,PRE-NURGIR-4X8-GB09,7341146891415,high,lt:title; lt:description; lv:title; lv:description; fi:title; fi:description,ee:description,
included,8747330109778,ps-i-love-you-wall-sticker-romantic-15335,P.S. I Love You Wall Decal | Romantic Quote Sticker,20,22711475117947,7341147125465,medium — unitless Shopify option interpreted as inches,lt:title; lt:description; lv:title; lv:description; fi:title; fi:description,,
included,8747337187666,tree-wall-decal-decor-large-art-vinyl-45531,Tree Wall Decal Decor - Large Art Vinyl Sticker For Nursery Kids Room - White Black Decals Decoration Living Bedroom Mural Giant Stickers,17,25802683854877,7341147127810,medium — unitless Shopify option interpreted as inches,lt:title; lt:description; ru:description; lv:title; lv:description; fi:title; fi:description,ee:description,
included,8747344789842,banksy-armoured-car-wall-art-sticker-13168,Artist Armoured Car Wall Art Sticker - Street Graffiti Artwork Cool Vinyl Decal - Writer Wall Decal - Drawer Sticker - Sprayer Decal,20,PRE-BANARM-8X6-RROG,7341146928128,high,lt:title; lt:description; ru:description; lv:title; lv:description; fi:title; fi:description,ee:description,
included,8747350360402,family-kitchen-rule-quote-wall-sticker-48142,Family Kitchen Rule Quote Wall Sticker - House Art Home Sign Decor Funny Saying Vinyl Decal - My Love Word Fridge Refrigerator Mural,20,13633633835119,7341147128251,medium — unitless Shopify option interpreted as inches,lt:title; lt:description; ru:description; lv:title; lv:description; fi:title; fi:description,ee:description,
included,8747350982994,i-love-you-yesterday-wall-sticker-69287,I Loved You Yesterday Wall Decal | Romantic Love Quote,18,17426336518739,7341147128459,medium — unitless Shopify option interpreted as inches,lt:title; lt:description; ru:description; lv:title; lv:description; fi:title; fi:description,,
included,8747353080146,tree-sticker-decal-wall-birch-art-vinyl-01105,Tree Sticker Decal - Wall Birch Art Vinyl Nursery Stickers - Nature Botanical Trees Decals - Forest Decor Natural Big Leaf Peel And Stick,18,25512587467664,7341147128770,medium — unitless Shopify option interpreted as inches,lt:title; lt:description; ru:description; lv:title; lv:description; fi:title; fi:description,ee:description,
included,8747354489170,music-is-my-life-wall-sticker-note-16038,Music Is My Life Wall Sticker - Note Quote Gift Decor Art Vinyl Decal - Dj Room Festival Love Event Earphone Saying Sign Stick Mural,20,20516848472281,7341147128954,medium — unitless Shopify option interpreted as inches,lt:title; lt:description; ru:description; lv:title; lv:description; fi:title; fi:description,ee:description,
included,8747356979538,anatomy-skeleton-decals-medical-school-70654,Anatomy Skeleton Decals - Medical School Decor - Anatomy Stickers - Skeleton Decals - Human Skeleton Wall Art - Biology Classroom Decor,4,PRE-ANASKE-WITWHI-B9UU,7341147129500,medium — size range/single measurement derived from description,lt:title; lt:description; ru:description; lv:title; lv:description; fi:title; fi:description,ee:description,
included,8747359830354,rainbow-wall-sticker-nursery-baby-room-05464,Rainbow Wall Sticker - Nursery Baby Room Decoration Colorful Vinyl Decal,21,22884006521391,7341147129623,medium — unitless Shopify option interpreted as inches,lt:title; lt:description; lv:title; lv:description; fi:title; fi:description,,
included,8747364811090,nursery-cloud-dream-wall-sticker-baby-16248,Nursery Cloud Dream Wall Sticker - Baby Animal Decor Decal For Boy Girl Room - Toddler Infant And Newborn Kid Shower Moon Star Decoration,12,PRE-NURCLO-BOO-9KQO,7341147129838,medium — size range/single measurement derived from description,lt:title; lt:description; ru:description; lv:title; lv:description; fi:title; fi:description,ee:description,
included,8747369005394,baby-nursery-wall-decor-sticker-animal-08890,Baby Nursery Wall Decor Sticker - Animal Cloud Dream Decal For Boy Girl Room - Toddler Infant And Newborn Kid Shower Moon Star Decoration,12,PRE-BANURB-BOO-9DKQ,7341147130070,medium — size range/single measurement derived from description,lt:title; lt:description; ru:description; lv:title; lv:description; fi:title; fi:description,ee:description,
included,8747370709330,baby-nursery-wall-decor-sticker-cloud-96066,Baby Nursery Wall Decor Sticker - Cloud Moon Star Dream Animal Decal For Boy Girl Room - Toddler Infant And Newborn Kid Shower Decoration,48,44245531753361,7341147130193,medium — unitless Shopify option interpreted as inches,lt:title; lt:description; ru:description; lv:title; lv:description; fi:title; fi:description,ee:description,
included,8747380015442,yang-yin-wall-sticker-vinyl-decal-yoga-89374,Yang Yin Wall Sticker Vinyl Decal - Yoga Window Art Ying Mandala Symbol Gift - Prismatic Retro Vynil Spiritual Zen Mural Balance Stickers,20,28290023351309,7341147131961,medium — unitless Shopify option interpreted as inches,lt:title; lt:description; ru:description; lv:title; lv:description; fi:title; fi:description,ee:description,
included,8747383488850,christian-wall-vinyl-sticker-64955,Christian Wall Vinyl Sticker - Inspirational Bible Religious Quote Decal - Family Saying Love Word For Bedroom Living Room Biblical Decor,13,86388222445866,7341147132272,medium — unitless Shopify option interpreted as inches,lt:title; lt:description; ru:description; lv:title; lv:description; fi:title; fi:description,ee:description,
included,8747393974610,7x-rolls-of-herringbone-wallpaper-peel-21891,7x Roll of Lines Wall Stickers - Geometric Self Adhesive Black Removable Stripes Wall Decals - Waterproof Herringbone Vinyl Decal Line Shape,13,36590581670260,7341147134153,high,lt:title; lt:description; ru:description; lv:title; lv:description; fi:title; fi:description,ee:description,
included,8747396530514,banksy-cctv-wall-art-vinyl-sticker-85564,Artist Cctv Wall Art Vinyl Sticker - Laptop Bumper Computer Window Street Graffiti Decal - Writer Wall Decal - Drawer Wall Sticker,20,50258486881043,7341147134450,medium — unitless Shopify option interpreted as inches,lt:title; lt:description; ru:description; lv:title; lv:description; fi:title; fi:description,ee:description,
included,8747400331602,banksy-choose-your-weapon-vinyl-wall-18145,Artist Choose Your Weapon Vinyl Wall Sticker - Dog Pack Art Critical Hit Teen Decor - Teenager Gamer Wepon Decal - Boy Walking Decals,15,50454379385993,7341147134658,medium — unitless Shopify option interpreted as inches,lt:title; lt:description; ru:description; lv:title; lv:description; fi:title; fi:description,ee:description,
included,8747400954194,branch-wall-tree-sticker-vinyl-decal-98118,Branch Wall Tree Sticker Vinyl Decal - Bird Kids Room Decals - Girls Nursery Birds Flower Baby Art Mural - Leaves Decor Girl Removable Decal,19,71164200696783,7341147134801,medium — unitless Shopify option interpreted as inches,lt:title; lt:description; ru:description; lv:title; lv:description; fi:title; fi:description,ee:description,
included,8747407016274,40x-dinosaur-silhouette-wall-decal-dino-37961,40x Dinosaur Silhouette Wall Decal - Dino Nursery Baby Room Art Vinyl Decor Decals,15,32481574055518,7341147136317,medium — size range/single measurement derived from description,lt:title; lt:description; ru:description; lv:title; lv:description; fi:title; fi:description,ee:description,
included,8747412914514,photo-frame-tree-sticker-family-vinyl-94016,Photo Frame Tree Sticker - Family Vinyl Wall Decal - Art Large Picture Decor Stickers - Nursery Frames Memory Mural Photos Die Cut Decals,18,22477928076481,7341147136805,medium — unitless Shopify option interpreted as inches,lt:title; lt:description; ru:description; lv:title; lv:description; fi:title; fi:description,ee:description,
included,8747413897554,woman-eye-vinyl-wall-sticker-art-lash-31640,Woman Eye Vinyl Wall Sticker - Art Lash Face Girl Eyelash Decor Beauty Salon Decal - Pretty Sexy Beautiful Women Black Silhouette Mural,20,27845612930729,7341147136980,medium — unitless Shopify option interpreted as inches,lt:title; lt:description; ru:description; lv:title; lv:description; fi:title; fi:description,ee:description,
included,8747415667026,elegant-peony-flowers-wall-decal-91548,Elegant Peony Flowers Wall Decal - Watercolor Floral Peel and Stick Design - Sophisticated Removable Decor for Modern and Classic Interiors,7,PRE-ELEPEO-16X-F00S,7341146906713,high,lt:title; lt:description; ru:description; lv:title; lv:description; fi:title; fi:description,ee:description,
included,8747421499730,banksy-illegal-rat-vinyl-wall-sticker-14856,Artist Illegal Rat Vinyl Wall Sticker - Art Home Decor Cool And Premium Waterproof Decal - Adult Graffiti With Quality Keen Art Laptop,20,PRE-BANILL-8X7-3G58,7341146896427,high,lt:title; lt:description; ru:description; lv:title; lv:description; fi:title; fi:description,ee:description,
included,8747424809298,headphones-vinyl-wall-sticker-music-art-21449,Headphones Vinyl Wall Sticker - Music Art Dj Die cut Weatherproof Decal - Silhouette Decor Mural - Peel and Stick Headphone Stickers,20,17032356562304,7341147138007,medium — unitless Shopify option interpreted as inches,lt:title; lt:description; ru:description; lv:title; lv:description; fi:title; fi:description,ee:description,
included,8747429757266,wild-jaguar-wall-sticker-cat-animal-art-62186,Wild Jaguar Wall Sticker - Cat Animal Art Vinyl Black Panther Decal - Leopard Safari Predator African Puma Head Body Colorful Decor Print,40,PRE-WILJAG-8X5LEF-B1MA,7341146919973,high,lt:title; lt:description; ru:description; lv:title; lv:description; fi:title; fi:description,ee:description,
included,8747431952722,let-it-be-wall-sticker-lets-go-love-91201,Let It Be Wall Sticker - Lets Go Love  Vinyl Decal - Die Cut Art Quote Stickers - Lettering Music Room Inspirational Decoration Punk Label,19,18765969839842,7341147138205,medium — unitless Shopify option interpreted as inches,lt:title; lt:description; ru:description; lv:title; lv:description; fi:title; fi:description,ee:description,
included,8747434049874,banksy-barcode-shark-wall-sticker-72975,Artist Barcode Shark Wall Sticker - Swimming Fish Under Bar Code Vinyl Decal - Graffiti Street Art Decor Removable Stickers Decals Deca,19,48795093560820,7341147138397,medium — unitless Shopify option interpreted as inches,lt:title; lt:description; ru:description; lv:title; lv:description; fi:title; fi:description,ee:description,
included,8747435065682,banksy-bird-with-grenade-wall-sticker-80881,Artist Bird With Grenade Wall Sticker - Street Art Graffiti Decor Vinyl Decal - Home Removable Diy Mural - Room Boy Hipster Black Stickers,19,49328749090426,7341147138588,medium — unitless Shopify option interpreted as inches,lt:title; lt:description; ru:description; lv:title; lv:description; fi:title; fi:description,ee:description,
included,8747440603474,angel-wings-wall-decor-angels-wing-art-81964,Angel Wings Wall Decal | Large Feather Vinyl Sticker,16,40884244060098,7341147138977,medium — unitless Shopify option interpreted as inches,lt:title; lt:description; ru:description; lv:title; lv:description; fi:title; fi:description,ru:title; ee:title; ee:description,
included,8747448729938,50x-honeycomb-wall-decals-decor-51473,50-Piece Honeycomb Hexagon Wall Decal Set,14,35429162050392,7341147139318,medium — size range/single measurement derived from description,lt:title; lt:description; ru:description; lv:title; lv:description; fi:title; fi:description,,
included,8747449909586,banksy-leopard-barcode-wall-sticker-art-35789,Artist Leopard Barcode Wall Sticker - Art  Home Decor Diy Bar Code Mural Decal - Barcode Leopard - Writer Leopard - Diy Drawer Mural,20,54342475869289,7341147139455,medium — unitless Shopify option interpreted as inches,lt:title; lt:description; ru:description; lv:title; lv:description; fi:title; fi:description,ee:description,
included,8747453808978,banksy-flower-throw-wall-vinyl-sticker-63701,Flower Throw Street Art Wall Decal | Vinyl Sticker,19,PRE-BANFLO-16X-N9PL,7341146862880,high,lt:title; lt:description; ru:description; lv:title; lv:description; fi:title; fi:description,,
included,8747459412306,bird-feather-wall-vinyl-sticker-eagle-17516,Bird Feather Wall Vinyl Sticker - Eagle Decor Flying Home Art Magic Nib Decal - Love Beautiful  Above The Bed And Window Mural,19,66530785205018,7341147139653,medium — unitless Shopify option interpreted as inches,lt:title; lt:description; ru:description; lv:title; lv:description; fi:title; fi:description,ee:description,
included,8747462230354,lion-in-headphones-stickers-inspired-by-22782,Lion in Headphones Stickers - Inspired by Artist Graffiti Wall Decal - Thinking Lion Sticker -  Animal Stencil Wall Sticker - Lion Decal,36,PRE-LIOIN-24XLEF-6PHU,7341146900278,high,lt:title; lt:description; ru:description; lv:title; lv:description; fi:title; fi:description,ee:description,
included,8747463803218,angel-wings-wall-decor-angels-wing-art-80084,Angel Wings Wall Decor - Angels Wing Art Vinyl Decal - Large Feather Sticker For Room Decoration - The Girl Princess Home 3d Black Mural,16,41048441491485,7341147140055,medium — unitless Shopify option interpreted as inches,lt:title; lt:description; ru:description; lv:title; lv:description; fi:title; fi:description,ee:description,
included,8747464819026,mountain-wall-decal-mountains-vinyl-93135,Mountain Wall Decal | Nursery Landscape Vinyl Sticker,20,PRE-MOUWAL-8X3-BVTF,7341146924298,high,lt:title; lt:description; ru:description; lv:title; lv:description; fi:title; fi:description,ru:title; ee:title; ee:description,
included,8747479892306,vinyl-wall-tribal-elephant-sticker-two-24804,Vinyl Wall Tribal Elephant Sticker - Two Colors Wise Wealth Animal Ornaments Art Decal - Indian Feng Shu Mural,20,26935656710326,7341147140802,medium — unitless Shopify option interpreted as inches,lt:title; lt:description; ru:description; lv:title; lv:description; fi:title; fi:description,ee:description,
included,8747485725010,dandelion-vinyl-sticker-wall-decal-15340,Dandelion Vinyl Sticker Wall Decal - Dandelions Art Flower Decor Nursery Decals - Floral Plant Nature Seeds Cute Bedroom Blowing Stickers,18,12199199938588,7341147141908,medium — unitless Shopify option interpreted as inches,lt:title; lt:description; ru:description; lv:title; lv:description; fi:title; fi:description,ee:description,
included,8747496046930,233x-white-stars-wall-vinyl-stickers-35653,233x White Stars Wall Vinyl Stickers - Little Peel And Stick Art Map Die Cut Ceiling Decal,1,25205110274124,7341147143018,medium — size range/single measurement derived from description,lt:title; lt:description; ru:description; lv:title; lv:description; fi:title; fi:description,ee:description,
included,8747497259346,3d-effect-deep-space-wall-sticker-outer-98370,3D Deep Space Wall Decal | Galaxy Portal Illusion,20,PRE-3DEFF-8X5-OBL2,7341146922157,high,lt:title; lt:description; lv:title; lv:description; fi:title; fi:description,ru:title; ru:description; ee:title; ee:description,
included,8754985795922,cat-with-sunglasses-wall-decal-dynamic-00622,Cat with Sunglasses Wall Decal - Dynamic Watercolor Kitten Art Sticker for Modern Room Decor - Vibrant Pet Kitty Gift Mural,17,PRE-CATWIT-8-F8SE,7341146925950,medium — size range/single measurement derived from description,lt:title; lt:description; ru:description; lv:title; lv:description; fi:title; fi:description,ee:description,
included,8754986680658,panda-in-headphones-stickers-inspired-74655,Panda in Headphones Wall Sticker - Graffiti Art Decal,36,21359710821183,7341147143421,medium — unitless Shopify option interpreted as inches,lt:title; lt:description; ru:description; lv:title; lv:description; fi:title; fi:description,ee:description,
included,8754988745042,banksy-heart-balloon-vinyl-wall-sticker-12606,Heart Balloon Street Art Wall Decal | Vinyl Sticker,20,PRE-BANHEA-5X8-3DUU,7341146920375,high,lt:title; lt:description; ru:description; lv:title; lv:description; fi:title; fi:description,ru:title; ee:title; ee:description,
included,8754989269330,kids-world-map-wall-decal-country-24291,Kids World Map Wall Decal - Country Animal Room Decor Vinyl Sticker For Nursery - Peel And Stick Art Of Education Bedroom Playroom Mural,20,PRE-KIDWOR-8X5-P4V3,7341146923307,high,lt:title; lt:description; ru:description; lv:title; lv:description; fi:title; fi:description,ee:description,
included,8754995396946,banksy-girl-with-heart-balloon-wall-39787,Artist Girl With Heart Balloon Wall Sticker - Vinyl Baloon Hot Air Pop Art Decal - There Is Always Hope For Home Mural,20,52784913147654,7341147144435,medium — unitless Shopify option interpreted as inches,lt:title; lt:description; ru:description; lv:title; lv:description; fi:title; fi:description,ee:description,
included,8754999558482,great-dane-with-sunglasses-wall-decal-71932,Great Dane with Sunglasses Wall Decal - Vibrant Watercolor Dog Sticker for Dynamic Room Decor - Repositionable Funny Pet Art Gift Mural,17,PRE-GREDAN-8-267S,7341146895284,medium — size range/single measurement derived from description,lt:title; lt:description; ru:description; lv:title; lv:description; fi:title; fi:description,,
included,8755000279378,panda-wall-decal-removable-vinyl-bear-90012,Panda Wall Decal - Removable Vinyl Bear Art Sticker for Nursery Room - Panda Wall Decor,15,PRE-PANWAL-8X6-O3FS,7341147145920,high,lt:title; lt:description; ru:description; lv:title; lv:description; fi:title; fi:description,ee:description,
included,8755000901970,gold-thin-line-stickers-geometric-peel-35958,Thin Line Wall Stickers | Set of 18 Vinyl Stripes,21,PRE-GOLTHI-GOL-SI0M,7341147146071,high,lt:title; lt:description; ru:description; lv:title; lv:description; fi:title; fi:description,,
included,8755001327954,giraffe-wall-art-sticker-thinking-dj-45036,Giraffe with Headphones Wall Decal | Left or Right Direction,36,14751713871121,7341147146286,medium — unitless Shopify option interpreted as inches,lt:title; lt:description; ru:description; lv:title; lv:description; fi:title; fi:description,ru:title; ee:title; ee:description,
included,8755002507602,cat-wall-art-sticker-thinking-dj-kitten-22414,Cat with Headphones Wall Decal | Left or Right Direction,36,PRE-CATWAL-23XLEF-3NHE,7341146923932,high,lt:title; lt:description; ru:description; lv:title; lv:description; fi:title; fi:description,ru:title; ee:title; ee:description,
included,8755003195730,cat-in-headphones-stickers-inspired-by-82458,Cat with Headphones Wall Decal | Left or Right Direction,36,PRE-CATIN-24XLEF-2GGQ,7341146924496,high,lt:title; lt:description; ru:description; lv:title; lv:description; fi:title; fi:description,ru:title; ee:title; ee:description,
included,8755005423954,banksy-businessman-vinyl-wall-sticker-74193,Businessman Street Art Wall Decal | Direction Options,40,PRE-BANBUS-8X3LOO-TNBH,7341146925448,high,lt:title; lt:description; ru:description; lv:title; lv:description; fi:title; fi:description,ru:title; ee:title; ee:description,
included,8755007390034,woman-face-black-wall-vinyl-sticker-02390,Woman Face Black Wall Vinyl Sticker - Salon Girl Happy Women Eye Window Beauty Art Decal - Pretty Removable Beautiful Sexy Head Silhouette,20,27969074595261,7341147146651,medium — unitless Shopify option interpreted as inches,lt:title; lt:description; ru:description; lv:title; lv:description; fi:title; fi:description,ee:description,
included,8755008110930,golden-retriever-with-sunglasses-wall-14543,Golden Retriever with Sunglasses Wall Decal - Expressive Watercolor Dog Sticker for Vibrant Room Decor - Repositionable Pet Art Gift Mural,17,PRE-GOLRET-8-LPPF,7341146904177,medium — size range/single measurement derived from description,lt:title; lt:description; ru:description; lv:title; lv:description; fi:title; fi:description,,
included,8755010175314,crying-boy-with-cellphone-banksy-wall-94429,Crying Boy With Cellphone Artist Wall Sticker - Social Media Phone Gift For Party Decal - Sign Street Art Face Friend Cell Book Mural,20,93235649603871,7341147147009,medium — unitless Shopify option interpreted as inches,lt:title; lt:description; ru:description; lv:title; lv:description; fi:title; fi:description,ee:description,
included,8755036651858,wall-quotes-decal-for-living-room-decor-57084,Wall Quotes Decal For Living Room Decor - Home Vinyl Sticker Quote Sayings - Large Motivational Classroom Positive Words Greatest Pleasure,15,27103834904439,7341147148587,medium — unitless Shopify option interpreted as inches,lt:title; lt:description; ru:description; lv:title; lv:description; fi:title; fi:description,ee:description,
included,8755045433682,nursery-animal-wall-decor-vinyl-sticker-71041,Nursery Animal Wall Decor Vinyl Sticker - Art Jungle Kid Baby Set Cute Decal - African Elephant Giraffe Girl Room Wild Boy Child Mural,20,PRE-NURANI-8X6-KFA1,7341146901473,high,lt:title; lt:description; ru:description; lv:title; lv:description; fi:title; fi:description,ee:description,
included,8755046482258,music-is-my-life-quote-wall-sticker-art-99744,Music Is My Life Quote Wall Sticker - Art Decor Gift Note Notes Quotes Vinyl Decal - Room Inspirational Motivational Musical Saying Decals,19,20497096153786,7341147148730,medium — unitless Shopify option interpreted as inches,lt:title; lt:description; ru:description; lv:title; lv:description; fi:title; fi:description,ee:description,
included,8755048579410,tv-wall-decor-art-vinyl-decals-26262,TV Wall Decor Art Vinyl Decals - Decorative Stickers For Living Room - Waterproof Large Removable Decal - Decoration Interior Sticker,19,26000622427660,7341147148921,medium — unitless Shopify option interpreted as inches,lt:title; lt:description; ru:description; lv:title; lv:description; fi:title; fi:description,ee:description,
included,8755050840402,world-map-vinyl-wall-sticker-country-53778,World Map Vinyl Wall Sticker - Country Name Word Kid Large Art Decor Decal - Peel And Stick Globe Explore Playroom Fun Mural - Map Sticker,18,PRE-WORMAP-24X-4M5I,7341146901671,high,lt:title; lt:description; ru:description; lv:title; lv:description; fi:title; fi:description,ee:description,
included,8755053822290,elephant-head-wall-vinyl-sticker-art-28821,Elephant Head Wall Vinyl Sticker - Art Window Animal Aztec Decor Nursery Geometric Decal - Young Face Ganesha Indian Large Mandala Mural,20,13367721215390,7341147149119,medium — unitless Shopify option interpreted as inches,lt:title; lt:description; ru:description; lv:title; lv:description; fi:title; fi:description,ee:description,
included,8755054149970,banksy-middle-finger-art-wall-decal-21098,Artist Middle Finger Art Wall Decal - Street Police Graffiti Work Policeman Sticker - Scotland Yard Cop Street Art Design Mural Home Decor,19,54862918017560,7341147149317,medium — unitless Shopify option interpreted as inches,lt:title; lt:description; ru:description; lv:title; lv:description; fi:title; fi:description,ee:description,
included,8755054674258,banksy-girl-anarchist-wall-sticker-30384,Artist Girl Anarchist Wall Sticker - Anarchism Daisy Antifa Illegal Communist Decal - Anarchy Radical Political Street Art Solidarity Vinyl,19,59660120649774,7341147149508,medium — unitless Shopify option interpreted as inches,lt:title; lt:description; ru:description; lv:title; lv:description; fi:title; fi:description,ee:description,
included,8755055657298,tree-sticker-decal-wall-birch-art-vinyl-84767,Tree Sticker Decal - Wall Birch Art Vinyl Nursery Stickers - Nature Botanical Trees Decals - Forest Decor Natural Big Leaf Peel And Stick,18,PRE-TRESTI-14X-NUBV,7341146902456,high,lt:title; lt:description; ru:description; lv:title; lv:description; fi:title; fi:description,ee:description,
included,8755055984978,henna-tattoo-wall-vinyl-sticker-floral-24220,Henna Tattoo Wall Vinyl Sticker - Floral Flower Mandala Art Paisley Mehndi Indian Decal - Decor Inspired Stencil Black Home Room Joga Mural,18,17183552451137,7341147149690,medium — unitless Shopify option interpreted as inches,lt:title; lt:description; ru:description; lv:title; lv:description; fi:title; fi:description,ee:description,
included,8755056247122,banksy-boy-and-girl-friend-wall-sticker-67957,Artist Boy And Girl Friend Wall Sticker - Kid With A Child Art Balloon Decor Room Street Graffiti Decal - Bank Ash Home Room Mural,20,49519106724870,7341147149874,medium — unitless Shopify option interpreted as inches,lt:title; lt:description; ru:description; lv:title; lv:description; fi:title; fi:description,ee:description,
included,8755057033554,tiger-wall-art-sticker-thinking-dj-91934,Tiger Wall Art Sticker - Thinking DJ Tiger with Headphones Vinyl Decal - Funny Cool Graffiti Music Wall Corner Mural - Animal Thinker Gift,30,PRE-TIGWAL-8X7TRA-U8LU,7341146918532,high,lt:title; lt:description; ru:description; lv:title; lv:description; fi:title; fi:description,ee:description,
included,8755057656146,hot-air-balloon-wall-stickers-animals-56898,Hot Air Balloon Wall Stickers - Animals Clouds Nursery Decor Decal - Baby Kids Room Art Watercolor Vinyl Decoration Decals - Toddler Sticker,4,PRE-HOTAIR-S12-K1G2,7341146922355,medium — size range/single measurement derived from description,lt:title; lt:description; ru:description; lv:title; lv:description; fi:title; fi:description,ee:description,
included,8755058082130,mens-body-siluette-wall-decal-sexy-42703,Male Body Silhouette Wall Decal | Fitness Figure Vinyl Sticker,13,19753581874605,7341147150078,medium — unitless Shopify option interpreted as inches,lt:title; lt:description; ru:description; lv:title; lv:description; fi:title; fi:description,ru:title; ee:title; ee:description,
included,8755059261778,picture-frames-family-wall-decal-photo-38414,Picture Frames Family Wall Decal - Photo Quote Saying Vinyl Sticker For Room Decor - Word Dining Art Foto Decoration,7,22503673059435,7341147150399,high,lt:title; lt:description; ru:description; lv:title; lv:description; fi:title; fi:description,ee:description,
included,8755060244818,banksy-monkey-queen-wall-art-sticker-76487,Artist Monkey Queen Wall Art Sticker - Funny Positive Vinyl Kitchen Decal - Girls Living Room House Decor Removable Stickers,13,55253679713001,7341147151464,medium — unitless Shopify option interpreted as inches,lt:title; lt:description; ru:description; lv:title; lv:description; fi:title; fi:description,ee:description,
included,8755060900178,3d-rabbit-wall-decal-easter-bunny-kid-19490,3d Rabbit Wall Decal - Easter Bunny Kid Design Sticker - Adhesive Decoration Decals - Cute Kitchen Vinyl Toilet Nursery Decor Mural,40,PRE-3DRAB-6X8RIG-ISV2,7341146902784,high,lt:title; lt:description; ru:description; lv:title; lv:description; fi:title; fi:description,ee:description,
included,8755061424466,large-world-map-wall-decal-sticker-for-53529,Large World Map Wall Decal - Sticker For Bedroom Playroom Boys Room Mural Decor - Art Of Home Removable Vinyl Peel Stick Decals Stickers,18,PRE-LARWOR-24X-GSHP,7341146890401,high,lt:title; lt:description; ru:description; lv:title; lv:description; fi:title; fi:description,ee:description,
included,8755062767954,banksy-crying-boy-wall-sticker-street-94075,Crying Boy with Phone Street Art Wall Decal | Vinyl Sticker,20,PRE-BANCRY-4X8-O7ER,7341146897004,high,lt:title; lt:description; ru:description; lv:title; lv:description; fi:title; fi:description,ru:title; ee:title; ee:description,
included,8755064865106,black-thin-line-stickers-mountains-peel-29137,Black Thin Line Stickers - Mountains Peel And Stick Stripe Wall Decals Decor - Geometric Nursery Room Long Lines Shape Vinyl Decal,21,PRE-BLATHI-GOL-3U3H,7341147151976,high,lt:title; lt:description; ru:description; lv:title; lv:description; fi:title; fi:description,ee:description,
included,8755067519314,astronaut-space-monkey-wall-vinyl-sticker-21626,Astronaut Space Monkey Wall Vinyl Sticker - Funny Cosmonaut Chimpanzee Astro Thinking Chimp Print Decal - The Monkey Thinker Mural Decor,38,PRE-ASTSPA-15XLEF-IV1Q,7341146927572,high,lt:title; lt:description; ru:description; lv:title; lv:description; fi:title; fi:description,ee:description,
included,8755069223250,elephant-stickers-cute-vinyl-wall-58484,Elephant Stickers - Cute Vinyl Wall Animal Decal - Decor Nursery Sticker - Art Tribal Decorative Gift Wallsticker Safari Trunk Up Decals,19,13387247512746,7341147152621,medium — unitless Shopify option interpreted as inches,lt:title; lt:description; ru:description; lv:title; lv:description; fi:title; fi:description,ee:description,
included,8755070107986,aligator-wall-sticker-gator-vinyl-16039,Aligator Wall Sticker - Gator Vinyl Decal - Boy Or Girl Cut Glossy Black Alligator Mural - Pro Decor Scary Crocodile Stickers,19,38451568041809,7341147152829,medium — unitless Shopify option interpreted as inches,lt:title; lt:description; ru:description; lv:title; lv:description; fi:title; fi:description,ee:description,
included,8755070501202,world-map-vinyl-sticker-wall-art-vinyl-88279,World Map Vinyl Sticker - Wall Art Vinyl Of The Decor Decal Label -  Country Mural Stick Decals - Large Earth Travel Stickers,18,28067152992770,7341147153017,medium — unitless Shopify option interpreted as inches,lt:title; lt:description; ru:description; lv:title; lv:description; fi:title; fi:description,ee:description,
included,8755071615314,delicate-cherry-blossom-branch-wall-decal-47877,Delicate Cherry Blossom Branch Wall Decal - Serene Nursery Vinyl Sticker - Elegant Pink Floral Branch Wall Art for Home Decor,16,PRE-DELCHE-16XRIG-STL5,7341146896267,high,lt:title; lt:description; ru:description; lv:title; lv:description; fi:title; fi:description,ee:description,
included,8755072827730,premium-peel-and-stick-daisy-flower-wall-16316,"White Daisy Flowers Wall Decals - Floral Decoration Vinyl Furniture Sticker - Kids Room, Nursery, and Bedroom Flower Decor",1,PRE-PREPEE-RUQS,7341147153192,high,lt:title; lt:description; ru:description; lv:title; lv:description; fi:title; fi:description,ee:description,
included,8755073483090,livestock-farm-animals-wall-sticker-67825,Livestock Farm Animals Wall Sticker - Farm Pig Cattle Chicken Car Decal - Farming Ranch Gift Idea - Western Animals Truck Vinyl Decals,16,19164352813721,7341147153208,medium — unitless Shopify option interpreted as inches,lt:title; lt:description; ru:description; lv:title; lv:description; fi:title; fi:description,ee:description,
included,8755076432210,wallpaper-shark-decor-sticker-3d-92481,Wallpaper Shark Decor Sticker - 3d Underwater Ocean Wall Stickers Removable Decal,11,27204577979892,7341147153963,medium — unitless Shopify option interpreted as inches,lt:title; lt:description; ru:description; lv:title; lv:description; fi:title; fi:description,ee:description,
included,8755078463826,rule-for-a-lady-wall-sticker-true-teen-09003,Rule For A Lady Wall Sticker - True Teen Laptop Feminist Crazy Decal Gift - Girl Tumblr Word Lettering House Sign - Indoor Decorative Vinyl,20,23128760729770,7341147154083,medium — unitless Shopify option interpreted as inches,lt:title; lt:description; ru:description; lv:title; lv:description; fi:title; fi:description,ee:description,
included,8755079053650,house-wall-quote-sticker-in-this-house-48528,House Wall Quote Sticker - In This House Decal Art Family Rules Quotes - Home Decor Love - We Do Inspirational Motivational Saying Declas,18,17248385038779,7341147154502,medium — unitless Shopify option interpreted as inches,lt:title; lt:description; ru:description; lv:title; lv:description; fi:title; fi:description,ee:description,
included,8755080003922,i-refuse-to-sink-quote-sticker-anchor-46065,I Refuse To Sink Quote Sticker - Anchor Sign Art Vinyl Wall Decal - Water Motivational Sailor Beach Forearm Adult Stick Hand Decor,19,17444784205676,7341147154687,medium — unitless Shopify option interpreted as inches,lt:title; lt:description; ru:description; lv:title; lv:description; fi:title; fi:description,ee:description,
included,8755081118034,tree-sticker-decal-wall-birch-art-vinyl-13125,Tree Sticker Decal - Wall Birch Art Vinyl Nursery Stickers - Nature Botanical Trees Decals - Forest Decor Natural Big Leaf Peel And Stick,19,25548795969857,7341147154878,medium — unitless Shopify option interpreted as inches,lt:title; lt:description; ru:description; lv:title; lv:description; fi:title; fi:description,ee:description,
included,8755082166610,panda-wall-art-sticker-thinking-dj-42979,Panda with Headphones Wall Decal | Left or Right Direction,36,PRE-PANWAL-24XLEF-AEU3,7341146932453,high,lt:title; lt:description; ru:description; lv:title; lv:description; fi:title; fi:description,ru:title; ee:title; ee:description,
included,8755084034386,world-map-wall-decal-sticker-for-84885,World Map Wall Decal for Kids' Rooms,18,PRE-WORMAP-24X-EPGL,7341146920986,high,lt:title; lt:description; ru:description; lv:title; lv:description; fi:title; fi:description,,
included,8755084591442,music-speakers-wall-vinyl-sticker-radio-75932,Music Speakers Wall Vinyl Sticker - Radio Art Waterproof Removable Loudspeaker Decal - Retro Audio Record House Mural Stick  Speaker Sticker,20,20536103032756,7341147156476,medium — unitless Shopify option interpreted as inches,lt:title; lt:description; ru:description; lv:title; lv:description; fi:title; fi:description,ee:description,
included,8755089211730,banksy-vinyl-wall-decal-helicopter-with-03142,Artist Vinyl Wall Decal Helicopter with Hearts - Street Art Graffiti Helicopters Decor Sticker - Heart Love Mural Boys Room Decor Artwork,20,PRE-BANVIN-8X6-326,7341146930893,high,lt:title; lt:description; ru:description; lv:title; lv:description; fi:title; fi:description,ee:description,
included,8755093602642,motivational-gym-wall-decal-fitness-68981,FOCUS Fitness Word Cloud Gym Wall Decal,18,20269049497113,7341147156933,medium — unitless Shopify option interpreted as inches,lt:title; lt:description; ru:description; lv:title; lv:description; fi:title; fi:description,,
included,8755094454610,big-foot-sasquatch-gifts-sticker-funny-24270,Big Foot Sasquatch Gifts Sticker - Funny Bigfoot Yeti Vinyl Wall Decal - Snow Man Cryptid Monster Die Cut Decals - Waterproof Snowman,16,66037377817774,7341147157114,medium — unitless Shopify option interpreted as inches,lt:title; lt:description; ru:description; lv:title; lv:description; fi:title; fi:description,ee:description,
included,8755095241042,lion-wall-sticker-lions-head-36650,Lion Head Wall Decal | Left or Right Direction,36,PRE-LIOWAL-24XLEF-773A,7341146915760,high,lt:title; lt:description; ru:description; lv:title; lv:description; fi:title; fi:description,ru:title; ee:title; ee:description,
included,8755095699794,sleeping-animal-nursery-wall-sticker-73405,Sleeping Animal Nursery Wall Sticker - Sweet Dreams Cloud Kid Baby Room Decor Decal - Cute Toddler Teddy Bear Removable Bunny Children Decal,12,PRE-SLEANI-BOO-TMIT,7341147157275,medium — size range/single measurement derived from description,lt:title; lt:description; ru:description; lv:title; lv:description; fi:title; fi:description,ee:description,
included,8755103531346,116-piece-moon-star-wall-decal-set,116-Piece Moon and Star Wall Decal Set | Kids Room Vinyl Stickers,21,PRE-115STA-BLA-IDA1,7341147157572,high,lt:title; lt:description; ru:description; lv:title; lv:description; fi:title; fi:description,,
included,8755104186706,constellation-stickers-zodiac-wallpaper-19327,Constellation Stickers Zodiac Wallpaper Sticker - Star Stickers For Wall - Space Decor Sticker Star Decals - Zodiac Gift Constellation Art,21,PRE-CONSTI-BLA-IRV,7341147157787,high,lt:title; lt:description; ru:description; lv:title; lv:description; fi:title; fi:description,ee:description,
included,8755110347090,full-moon-wall-decal-moon-back-phase-21356,Full Moon Wall Decal - Moon Back Phase Sticker - Large Space Decor Vinyl Mural For Kid Room And Bedroom,24,PRE-FULMOO-2X2-FT4C,7341146926322,high,lt:title; lt:description; ru:description; lv:title; lv:description; fi:title; fi:description,ee:description,
included,8755112935762,lockdown-positive-quote-sticker-82722,Choice in Adversity Motivational Wall Decal,20,19221507023882,7341147159194,medium — unitless Shopify option interpreted as inches,lt:title; lt:description; ru:description; lv:title; lv:description; fi:title; fi:description,,
included,8755118309714,branch-wall-tree-sticker-vinyl-decal-11046,Branch Wall Tree Sticker Vinyl Decal - Bird Kids Room Decals - Girls Nursery Birds Flower Baby Art Mural - Leaves Decor Girl Removable Decal,18,71351522212828,7341147159392,medium — unitless Shopify option interpreted as inches,lt:title; lt:description; ru:description; lv:title; lv:description; fi:title; fi:description,ee:description,
included,8755118932306,music-is-life-wall-sticker-note-quote-06297,Music Is Life Wall Sticker - Note Quote Gift Decor Art Vinyl Decal - Dj Room Festival Love Event Earphone Saying Sign Stick Mural,20,20477768716456,7341147159576,medium — unitless Shopify option interpreted as inches,lt:title; lt:description; ru:description; lv:title; lv:description; fi:title; fi:description,ee:description,
included,8755124076882,kissing-wall-decal-birds-and-love-34870,Kissing Wall Decal - Birds and Love Couple Wall Sticker - Large Art Lovesick Girl Love Peel Stick Vinyl  Mural,19,18101955898642,7341147160152,medium — unitless Shopify option interpreted as inches,lt:title; lt:description; ru:description; lv:title; lv:description; fi:title; fi:description,ee:description,
included,8755125453138,banksy-caveman-art-graffiti-sticker-35025,Artist Caveman Art Graffiti Sticker - Cool Cave Man Vinyl Wall Decal - Funny Decor Sticky Decals Stickers,14,50113207957774,7341147160343,medium — unitless Shopify option interpreted as inches,lt:title; lt:description; ru:description; lv:title; lv:description; fi:title; fi:description,ee:description,
included,8755127746898,inspirational-wall-vinyl-quote-sticker-14211,Inspirational Wall Vinyl Quote Sticker - Motivational Positive Inspiration Decal - Motivating Bedroom Classroom Saying - Words Are Powerful,20,17703410463025,7341147160480,medium — unitless Shopify option interpreted as inches,lt:title; lt:description; ru:description; lv:title; lv:description; fi:title; fi:description,ee:description,
included,8755129090386,banksy-thinking-monkey-wall-sticker-57421,Artist Thinking Monkey Wall Sticker - Vinyl Art Print Dj Waterproof Thinker Smart Decal - Street Thought Headphones Music Think Stickers,19,62283950811508,7341147160688,medium — unitless Shopify option interpreted as inches,lt:title; lt:description; ru:description; lv:title; lv:description; fi:title; fi:description,ee:description,
included,8755131285842,banksy-fallen-angel-wall-sticker-giant-52064,Artist Fallen Angel Wall Sticker - Giant Art Street Graffiti Wings Vinyl Decal - Vinyl Decor Rome Bottle Decals - Home Room Mural Die Cut,19,51017008049232,7341147160879,medium — unitless Shopify option interpreted as inches,lt:title; lt:description; ru:description; lv:title; lv:description; fi:title; fi:description,ee:description,
included,8755132891474,dog-wall-art-sticker-thinking-dj-puppy-34584,Dog with Headphones Wall Decal | Left or Right Direction,36,PRE-DOGWAL-24XLEF-43DO,7341146922393,high,lt:title; lt:description; ru:description; lv:title; lv:description; fi:title; fi:description,ru:title; ee:title; ee:description,
included,8755133841746,220x-white-stars-wall-stickers-moon-84379,220x White Stars Wall Stickers - Moon Decor Vinyl Decals For Boy Girl Baby Nursery Kid Room,1,25005930151248,7341147161067,medium — size range/single measurement derived from description,lt:title; lt:description; ru:description; lv:title; lv:description; fi:title; fi:description,ee:description,
included,8755559235922,watercolor-cat-with-sunglasses-wall-decal-95874,Watercolor Cat with Sunglasses Wall Decal - Playful Feline Cute Kitten Art Decal - Easy-to-Apply Lively Kitty Mural on Clear Vinyl,15,PRE-WATCAT-6X8-F482,7341146807942,high,lt:title; lt:description; ru:description; lv:title; lv:description; fi:title; fi:description,ee:description,
included,8755559825746,colorful-watercolor-cat-in-glasses-wall-60049,Colorful Watercolor Cat in Glasses Wall Decal - Vibrant Kitten Room Sticker Decor - Self-Adhesive Cute Kitty Art Mural on Transparent Vinyl,15,PRE-COLWAT-6X8-K4IH,7341146814247,high,lt:title; lt:description; ru:description; lv:title; lv:description; fi:title; fi:description,ee:description,
included,8755560120658,3d-mouse-hole-wall-sticker-realistic-29084,3D Mouse Hole Wall Sticker - Realistic Mouse Peeking from Mousehole Decal for Whimsical Room Decor -  Cracked Wall Sticker Gift,1,PRE-3DMOU-J6AS,7341147161579,medium — size range/single measurement derived from description,lt:title; lt:description; ru:description; lv:title; lv:description; fi:title; fi:description,ee:description,
included,8755564216658,banksy-monkey-with-headphones-wall-83977,Monkey with Headphones Wall Decal | Left or Right Direction,40,PRE-BANMON-8X5LEF-U0T9,7341146806969,high,lt:title; lt:description; ru:description; lv:title; lv:description; fi:title; fi:description,ru:title; ee:title; ee:description,
included,8755564708178,banksy-monkey-with-headphones-wall-79957,Thinking Monkey Wall Decal | Headphones Street Art Sticker,40,PRE-BANMON-8X5LEF-TSVL,7341146809175,high,lt:title; lt:description; ru:description; lv:title; lv:description; fi:title; fi:description,,
included,8755565068626,border-collie-in-glasses-wall-sticker-98556,Border Collie in Glasses Wall Sticker - Playful Watercolor Dog Decor Decal - Funny Colorful Vibrant Self-Adhesive Pet Art Mural Gift,15,PRE-BORCOL-8X6-307S,7341146834498,high,lt:title; lt:description; ru:description; lv:title; lv:description; fi:title; fi:description,ee:description,
included,8755565330770,colorful-watercolor-golden-retriever-in-54839,Colorful Watercolor Golden Retriever in Glasses Wall Sticker - Whimsical Toddler Room Dog Art Decal - Self-Adhesive Pet Art Gift Mural,15,PRE-COLWAT-8X6-7ORN,7341146826325,high,lt:title; lt:description; ru:description; lv:title; lv:description; fi:title; fi:description,ee:description,
included,8755565986130,dj-monkey-wall-decal-vinyl-art-mural-77231,DJ Monkey Wall Decal - Vinyl Art Mural Thinking Gorilla with Headphones - Music Themed Chimp Graffiti Sticker - Intelligent Animal Wall Art,20,PRE-DJMON-8X5-EI1F,7341146831701,high,lt:title; lt:description; ru:description; lv:title; lv:description; fi:title; fi:description,ee:description,
included,8755569688914,3d-elephant-wall-decal-realistic-broken-20371,3D Elephant Wall Decal - Realistic Broken Hole Illusion Vinyl Sticker - Peel and Stick Cracked Wall Mural for Animal Decor,15,PRE-3DELE-8X8-ITQJ,7341146808093,high,lt:title; lt:description; ru:description; lv:title; lv:description; fi:title; fi:description,ee:description,
included,8755572310354,3d-great-white-shark-wall-sticker-87493,3D Great White Shark Wall Sticker - Realistic Shark Bursting Through Wall Decal - Dynamic Water Explosion Effect for Thrilling Room Decor,15,PRE-3DGRE-8X8-O115,7341146822501,high,lt:title; lt:description; ru:description; lv:title; lv:description; fi:title; fi:description,ee:description,
included,8755572670802,3d-cute-white-cat-wall-sticker-nursery-83913,3D Cute White Cat Wall Sticker - Nursery Decor with Charming Kitty Illusion - Peel and Stick Kitten Porthole Mural for DIY Cat Enthusiasts,15,PRE-3DCUT-8X8-NTH9,7341146820521,high,lt:title; lt:description; ru:description; lv:title; lv:description; fi:title; fi:description,ee:description,
included,8755573391698,elegant-tree-branch-with-birds-wall-decal-58272,Elegant Tree Branch with Birds Wall Decal - Vinyl Corner Sticker for Living Room - Floral Wall Art Decals for Girls' Room,16,PRE-ELETRE-16XLEF-1OT0,7341146831046,high,lt:title; lt:description; ru:description; lv:title; lv:description; fi:title; fi:description,ee:description,
included,8755574079826,3d-cute-puppy-wall-sticker-nursery-room-53044,3D Cute Puppy Wall Sticker - Nursery Room Decor with Broken Dog Illusion Effect - Peel-and-Stick Dog Porthole Mural for DIY Dog Lovers,15,PRE-3DCUT-8X8-1JPK,7341146839127,high,lt:title; lt:description; ru:description; lv:title; lv:description; fi:title; fi:description,ee:description,
included,8755575521618,outer-space-wall-decals-astronaut-and-79066,Outer Space Wall Decals - Astronaut and Galaxy Planet Stickers - Rocket Solar System Decor for Kids Boys Girls Nursery Bedroom - Cosmos Gift,1,PRE-OUTSPA-HLFQ,7341147163146,medium — size range/single measurement derived from description,lt:title; lt:description; ru:description; lv:title; lv:description; fi:title; fi:description,ee:description,
included,8755577323858,world-map-wall-decal-large-vinyl-21378,World Map Wall Decal - Large Vinyl Sticker Of The Giant Travel Globe For Bedroom Living Room Decor - Huge Peel And Stick Black Big Mural,15,PRE-WORMAP-8X4-P242,7341146831350,high,lt:title; lt:description; ru:description; lv:title; lv:description; fi:title; fi:description,ee:description,
included,8755577913682,banksy-monkey-with-headphones-wall-18865,Monkey with Headphones Wall Decal | Vinyl Sticker,15,PRE-BANMON-8X5BLA-S1AH,7341146841380,high,lt:title; lt:description; ru:description; lv:title; lv:description; fi:title; fi:description,ru:title; ee:title; ee:description,
included,8755578405202,music-wall-decal-decor-vinyl-dj-40977,Headphones Music Wall Decal | DJ Vinyl Sticker,14,PRE-MUSWAL-16XBLA-PL8H,7341146836102,high,lt:title; lt:description; ru:description; lv:title; lv:description; fi:title; fi:description,ru:title; ee:title; ee:description,
included,8755579748690,banksy-monkey-with-headphones-wall-28798,Monkey with Headphones Wall Decal | Left or Right Direction,40,PRE-BANMON-8X5LEF-S3U,7341146845807,high,lt:title; lt:description; ru:description; lv:title; lv:description; fi:title; fi:description,ru:title; ee:title; ee:description,
included,8755580338514,space-telescope-mirrors-wall-sticker-88393,Gold Telescope Mirror Wall Decal | Reflective Hexagonal Vinyl,6,PRE-SPATEL-8X7-2MA9,7341146832678,high,lt:title; lt:description; ru:description; lv:title; lv:description; fi:title; fi:description,ru:title; ee:title; ee:description,
included,8755581616466,boho-rainbow-wall-decor-stickers-77641,"Watercolor Rainbow, Clouds and Stars Wall Decal Set",17,PRE-BOHRAI-8X5-NND9,7341146821986,high,lt:title; lt:description; ru:description; lv:title; lv:description; fi:title; fi:description,,
included,8755581780306,large-world-map-wall-decal-giant-travel-62793,Large World Map Wall Decal | Country Names Vinyl Sticker,13,PRE-LARWOR-24X-N8T9,7341146813912,high,lt:title; lt:description; lv:title; lv:description; fi:title; fi:description,ee:title; ee:description,
included,8755581976914,banksy-girl-with-balloons-wall-decal-13424,Girl with Balloons Street Art Wall Decal | Vinyl Sticker,16,PRE-BANGIR-BLA4X1-CJNG,7341146829944,high,lt:title; lt:description; ru:description; lv:title; lv:description; fi:title; fi:description,ru:title; ee:title; ee:description,
included,8755582861650,40x-stars-decor-wall-decals-for-nursery-98654,40x Star Wall Decal Set | Nursery Vinyl Stickers,18,PRE-40XSTA-1BLA-C59U,7341146835921,medium — size range/single measurement derived from description,lt:title; lt:description; lv:title; lv:description; fi:title; fi:description,ee:title; ee:description,
included,8755583418706,banksy-barcode-robot-wall-vinyl-sticker-86650,Barcode Robot Wall Decal | Left or Right Direction,30,PRE-BANBAR-8X8LEF-U3GQ,7341146841083,high,lt:title; lt:description; ru:description; lv:title; lv:description; fi:title; fi:description,ru:title; ee:title; ee:description,
included,8755584598354,banksy-monkey-with-headphones-wall-93115,Monkey with Headphones Wall Decal | Left or Right Direction,40,PRE-BANMON-8X5LEF-U9QR,7341146847320,high,lt:title; lt:description; ru:description; lv:title; lv:description; fi:title; fi:description,ru:title; ee:title; ee:description,
included,8755585319250,cherry-blossom-corner-tree-wall-decal-40501,Cherry Blossom Corner Tree Wall Decal - Nursery Vinyl Sticker with Blossoms Pink Flowers Stickers - Elegant Floral Wall Art for Living Rooms,16,PRE-CHEBLO-16XRIG-SMEL,7341146813165,high,lt:title; lt:description; ru:description; lv:title; lv:description; fi:title; fi:description,ee:description,
included,8755585515858,headphone-chimp-wall-art-sticker-urban-80809,Headphone Chimp Wall Art Sticker - Urban Jungle DJ Ape Decal - Contemporary Music Listening Monkey Vinyl Mural,20,PRE-HEACHI-8X5-ELH9,7341146836843,high,lt:title; lt:description; ru:description; lv:title; lv:description; fi:title; fi:description,ee:description,
included,8755593019730,banksy-fallen-angel-wall-decal-street-44264,Fallen Angel Street Art Wall Decal | Vinyl Sticker,1,PRE-BANFAL-DHR8,7341147164648,high,lt:title; lt:description; ru:description; lv:title; lv:description; fi:title; fi:description,ru:title; ee:title; ee:description,
included,8755595182418,gym-wall-decal-motivational-fitness-97407,"Train Hard, Stay Humble, Repeat Daily Gym Decal",18,PRE-GYMWAL-4X3BLA-2V3V,7341146837048,high,lt:title; lt:description; ru:description; lv:title; lv:description; fi:title; fi:description,,
included,8755605569874,world-map-wall-decal-large-vinyl-19274,World Map Wall Decal - Large Vinyl Sticker Of The Giant Travel Globe For Bedroom Living Room Decor - Huge Peel And Stick Black Big Mural,15,PRE-WORMAP-8X4BLA-P02A,7341146838397,high,lt:title; lt:description; ru:description; lv:title; lv:description; fi:title; fi:description,ee:description,
included,8755608093010,40x-stars-decor-wall-decals-for-nursery-56715,40x Star Wall Decal Set | Nursery Vinyl Stickers,18,PRE-40XSTA-1BLA-ASBB,7341146838540,medium — size range/single measurement derived from description,lt:title; lt:description; ru:description; lv:title; lv:description; fi:title; fi:description,ru:title; ee:title; ee:description,
included,8755612483922,watercolor-baby-panda-wall-decal-panda-82014,Watercolor Baby Panda Wall Decal - Panda Bear with Indian Feather Hat Nursery Sticker - Safari Decor for  Boys & Girls Room - Many Sizes,15,PRE-WATBAB-8X6-NRLU,7341147165584,high,lt:title; lt:description; ru:description; lv:title; lv:description; fi:title; fi:description,ee:description,
included,8755617628498,50x-kids-playroom-round-dots-decals-01569,50x Kids Playroom Round Dots Decals - Watercolor Play Sign Stickers - Nursery Preschool Colorful Decorations Removable Circles Vinyl DIY,18,PRE-50XKID-1IN-OEP1,7341147165737,medium — size range/single measurement derived from description,lt:title; lt:description; ru:description; lv:title; lv:description; fi:title; fi:description,ee:description,
included,8755618742610,gym-wall-decal-motivational-fitness-81565,Gym Wall Decal - Motivational Fitness Workout Quote Sticker - Sport Training Motivation Vinyl Decor - Progress Workout Decals,18,PRE-GYMWAL-4X2BLA-2FKT,7341146846279,high,lt:title; lt:description; ru:description; lv:title; lv:description; fi:title; fi:description,ee:description,
included,8755620675922,wyoming-decal-wyoming-state-bull-wall-28121,Wyoming Decal - Wyoming State Bull Wall Sticker - Wyoming Map Fan Removable Vinyl Mural - Cool Car Bumper Stickers,15,PRE-WYODEC-8X5-A0DP,7341146833705,high,lt:title; lt:description; ru:description; lv:title; lv:description; fi:title; fi:description,ee:description,
included,8755622379858,north-carolina-decal-nc-state-love-wall-01639,North Carolina Map Wall and Car Bumper Decal | NC Vinyl Sticker,16,PRE-NORCAR-4X2BLA-96I7,7341146846453,high,lt:title; lt:description; ru:description; lv:title; lv:description; fi:title; fi:description,ru:title; ee:title; ee:description,
included,8755679920466,scuba-diver-wall-sticker-fire-06861,Scuba Diver Wall Sticker - Fire Extinguisher Deep Dive Silhouette - Creative Vinyl Gift Decal - Down Diving Happy Diver Art for Office Mural,7,PRE-SCUDIV-16XBLA-9BLD,7341146808765,high,lt:title; lt:description; ru:description; lv:title; lv:description; fi:title; fi:description,ee:description,
included,8755681362258,200x-gold-stars-wall-vinyl-stickers-29087,200-Piece Star Wall Decal Set,23,PRE-200GOL-WHI-D30V,7341147169865,medium — size range/single measurement derived from description,lt:title; lt:description; ru:description; lv:title; lv:description; fi:title; fi:description,,
included,8755682869586,36x-rainbow-circle-wall-decals-dots-09406,36x Rainbow Circle Wall Decals - Dots Stickers Room Decor - Dot Shapes Colorful Vinyl Decal - Round Circles Shape Confetti Diy Vivid Sticker,18,PRE-36XRAI-1IN-RO2U,7341147170090,medium — size range/single measurement derived from description,lt:title; lt:description; ru:description; lv:title; lv:description; fi:title; fi:description,ee:description,
included,8755689914706,lion-head-wall-decal-decor-large-wild-93825,Lion Head Wall Decal Decor - Large Wild Lions Vinyl Sticker For Bedroom Living Room Decor,13,18887119977851,7341147170298,medium — unitless Shopify option interpreted as inches,lt:title; lt:description; ru:description; lv:title; lv:description; fi:title; fi:description,ee:description,
included,8755707773266,60x-stars-decor-wall-decals-for-nursery-95534,60x Star Wall Decal Set | Mixed Size Vinyl Stickers,18,PRE-60XSTA-1BLA-C28E,7341146810454,medium — size range/single measurement derived from description,lt:title; lt:description; ru:description; lv:title; lv:description; fi:title; fi:description,ru:title; ee:title; ee:description,
included,8755709182290,40x-stars-decor-wall-decals-for-nursery-50541,40x Star Wall Decal Set | Nursery Vinyl Stickers,18,PRE-40XSTA-1BLA-AMAD,7341146810171,medium — size range/single measurement derived from description,lt:title; lt:description; ru:description; lv:title; lv:description; fi:title; fi:description,ru:title; ee:title; ee:description,
included,8755710230866,banksy-barcode-robot-wall-vinyl-sticker-41451,Barcode Robot Wall Decal | Standard Left-Facing Design,15,PRE-BANBAR-8X8BLA-SNCB,7341146847177,high,lt:title; lt:description; ru:description; lv:title; lv:description; fi:title; fi:description,ru:title; ee:title; ee:description,
included,8755725435218,50x-neutral-boho-dots-decals-nursery-83222,50-Piece Neutral Boho Dot Wall Decal Set,18,PRE-50XNEU-1IN-HPHM,7341147171264,medium — size range/single measurement derived from description,lt:title; lt:description; ru:description; lv:title; lv:description; fi:title; fi:description,,
included,8755730121042,banksy-flower-thrower-wall-decal-street-06868,Flower Thrower Street Art Wall Decal | Vinyl Sticker,15,PRE-BANFLO-8X8BLA-CDAK,7341146815756,high,lt:title; lt:description; ru:description; lv:title; lv:description; fi:title; fi:description,ru:title; ee:title; ee:description,
included,8755733397842,woman-eyes-sticker-bedroom-wall-decor-for-08510,Woman Eyes Wall Decal | Eyelash Beauty Salon Vinyl Sticker,16,PRE-WOMEYE-4X1BLA-89U,7341146846613,high,lt:title; lt:description; lv:title; lv:description; fi:title; fi:description,ee:title; ee:description,
included,8755734151506,banksy-barcode-robot-wall-vinyl-sticker-47761,Barcode Robot Wall Decal | Standard Left-Facing Design,15,PRE-BANBAR-8X8BLA-STHH,7341146813325,high,lt:title; lt:description; ru:description; lv:title; lv:description; fi:title; fi:description,ru:title; ee:title; ee:description,
included,8755737755986,creative-scuba-diver-silhouette-wall-13397,Creative Scuba Diver Silhouette Wall Sticker - Fire Extinguisher Deep Dive Design - Inventive Vinyl Gift Decal - Diver Art for Office Mural,7,PRE-CRESCU-16XBLA-9I1L,7341146846781,high,lt:title; lt:description; ru:description; lv:title; lv:description; fi:title; fi:description,ee:description,
included,8755743457618,24x-boho-daisy-wall-stickers-brown-15839,24x Boho Daisy Wall Stickers - Brown Flowers Room Decor Decals - Bedroom Peel And Stick Vinyl Decal - Kids Girls Nursery Floral Decoration,16,PRE-24XBOH-2IN-LR1V,7341146825267,medium — size range/single measurement derived from description,lt:title; lt:description; ru:description; lv:title; lv:description; fi:title; fi:description,ee:description,
included,8755749290322,large-world-map-wall-decal-decor-16174,Large World Map Wall Decal Decor Sticker,15,18613494620537,7341147172728,medium — unitless Shopify option interpreted as inches,lt:title; lt:description; ru:description; lv:title; lv:description; fi:title; fi:description,ee:description,
included,8755754926418,music-wall-decal-decor-vinyl-dj-79814,Headphones Music Wall Decal | DJ Vinyl Sticker,14,PRE-MUSWAL-16XBLA-QR66,7341146814582,high,lt:title; lt:description; ru:description; lv:title; lv:description; fi:title; fi:description,ru:title; ee:title; ee:description,
included,8764404564306,boho-mandala-wall-decal-zen-hippie-40030,"Boho Mandala Wall Decal - Zen Hippie Indian Wall Art Sticler - Large Removable Vinyl Sticker for Meditation, Yoga, Home Half Mandala Decor",18,PRE-BOHMAN-8X8BLA-48NU,7341146807768,high,lt:title; lt:description; ru:description; lv:title; lv:description; fi:title; fi:description,ee:description,
included,8764404924754,mandala-wall-sticker-for-meditation-and-06193,Mandala Wall Sticker for Meditation and Yoga Spaces - Elegant Removable Vinyl Decal for Home and Studio Decor,18,PRE-MANWAL-8X8BLA-9B0H,7341146839660,high,lt:title; lt:description; ru:description; lv:title; lv:description; fi:title; fi:description,ee:description,
included,8764405154130,large-boho-mandala-wall-art-sticker-19060,Large Boho Mandala Wall Art Sticker - Vibrant Mandala Vinyl Decal for Home - Flower with Symmetrical Patterns Mural for Studio Decor,18,PRE-LARBOH-8X8BLA-3K8K,7341146804958,high,lt:title; lt:description; ru:description; lv:title; lv:description; fi:title; fi:description,ee:description,
included,8764415476050,sacred-geometry-mandala-wall-art-decal-43412,Sacred Geometry Mandala Wall Decal | Vinyl Sticker,8,23216762792827,7341147174142,medium — unitless Shopify option interpreted as inches,lt:title; lt:description; ru:description; lv:title; lv:description; fi:title; fi:description,ru:title; ee:title; ee:description,
included,8764415869266,elegant-mandala-wall-sticker-64045,Elegant Mandala Wall Sticker - Symmetrical Design Vinyl Decal for Home and Studio - Meditation and Yoga Wall Art Decor Gift,8,13235917619158,7341147174227,medium — unitless Shopify option interpreted as inches,lt:title; lt:description; ru:description; lv:title; lv:description; fi:title; fi:description,ee:description,
included,8764416360786,lion-king-with-crown-vinyl-wall-sticker-26928,Crowned Lion Vinyl Wall Sticker - Wildlife Art Decal,20,PRE-LIOKIN-8X6-6TJG,7341146923505,high,lt:title; lt:description; ru:description; lv:title; lv:description; fi:title; fi:description,ee:description,
included,8806754877778,you-look-good-vinyl-wall-sticker-bold-73451,You Look Good Wall Decal | Bold Text Vinyl Sticker,20,28338964640028,7341147176382,medium — unitless Shopify option interpreted as inches,lt:title; lt:description; ru:description; lv:title; lv:description; fi:title; fi:description,ru:title; ee:title; ee:description,
included,9289958457682,huge-downy-woodpecker-bird-face-in-91457,Huge Downy Woodpecker Bird Face in Glasses Wall Sticker Decals - Unique Room Decor for Nature Lovers,15,PRE-HUGDOW-8IN-DUUI,7341146733227,medium — size range/single measurement derived from description,lt:title; lt:description; ru:description; lv:title; lv:description; fi:title; fi:description,ee:description,
included,9297135796562,pastel-geometric-wall-sticker-modern-30620,Pastel Geometric Wall Sticker | Modern Pink and Blue Geometric Wall Art,6,PRE-WOOWAL-51X-UCJO,7341146916477,high,lt:title; lt:description; ru:description; lv:title; lv:description; fi:title; fi:description,ee:description,
included,9694716494162,colorful-hot-air-balloon-wall-stickers-54720,Colorful transparent watercolor style flowers,1,1784454720,7341146747606,medium — size range/single measurement derived from description,lt:title; lt:description; ru:description; lv:title; lv:description; fi:title; fi:description,ee:description,
included,9694774886738,daisy-and-bee-wall-decals-nursery-wall-70689,Daisy and Bee Wall Decals | Nursery Wall Stickers | Floral Bee Kids Room Decor,1,1798670689,7341146747842,medium — size range/single measurement derived from description,lt:title; lt:description; ru:description; lv:title; lv:description; fi:title; fi:description,ee:description,
included,9694774952274,daisy-flower-wall-decals-nursery-wall-73192,Daisy Flower Wall Decals | Nursery Wall Stickers | Floral Wall Art for Kids Room,1,1784473192,7341146747859,medium — size range/single measurement derived from description,lt:title; lt:description; ru:description; lv:title; lv:description; fi:title; fi:description,ee:description,
included,9694789108050,daisy-flower-wall-decals-removable-76613,Daisy Wall Decals | White Flower Stickers for Nursery,1,1798676613,7341146747866,medium — size range/single measurement derived from description,lt:title; lt:description; ru:description; lv:title; lv:description; fi:title; fi:description,,
included,9760958480722,cosmic-lion-portrait-wall-decal,Cosmic Lion Portrait Wall Decal | Orange and Black Vinyl Sticker,14,PRE-COSLIO-16I-ELEI,7341146755137,medium — size range/single measurement derived from description,lt:title; lt:description; ru:description; lv:title; lv:description; fi:title; fi:description,,
included,9862277202258,underwater-wall-decals-for-kids-08403,Underwater Ocean Wall Decal Set for Kids,1,1854408403,7341146761787,medium — size range/single measurement derived from description,lt:title; lt:description; ru:description; lv:title; lv:description; fi:title; fi:description,,
included,9862310363474,dinosaur-wall-decals-for-kids-fun-17654,Colourful Dinosaur Wall Decal Set for Kids,1,1840217654,7341146761800,high,lt:title; lt:description; ru:description; lv:title; lv:description; fi:title; fi:description,,
included,9882789118290,forest-fox-wall-decal-woodland-nursery-68441,Forest Fox Wall Decal | Woodland Nursery Wall Sticker Art | Removable Sticker with Trees and Animals,1,1860168441,7341146764559,high,lt:title; lt:description; ru:description; lv:title; lv:description; fi:title; fi:description,ee:description,
included,9887433589074,leaf-wall-decal-watercolor-greenery-09105,Leaf Wall Decal | Watercolor Greenery Wall Sticker Art | Removable Botanical Wall Stickers Living Room or Bedroom,1,1861709105,7341146765297,medium — size range/single measurement derived from description,lt:title; lt:description; ru:description; lv:title; lv:description; fi:title; fi:description,ee:description,
included,9911934058834,large-chalkboard-wall-decal-custom-61431,Large Chalkboard Wall Sticker | Classroom Write-On Vinyl,19,PRE-CHAWAL-16X-UBSE,7341146778129,high,lt:title; lt:description; ru:description; lv:title; lv:description; fi:title; fi:description,,
included,10143326077266,large-vine-leaf-wall-decal-botanical-76973,Large Vine Leaf Wall Decal | Botanical Wall Art | Greenery Wall Sticker,1,4328076973,7341146792743,medium — size range/single measurement derived from description,lt:title; lt:description; ru:description; lv:title; lv:description; fi:title; fi:description,ee:description,
included,10143342690642,large-vine-leaf-wall-decal-blush-pink-82453,Large Vine Leaf Wall Decal | Blush Pink Botanical Mural | Removable Greenery Wall Sticker,1,4328082453,7341146792750,medium — size range/single measurement derived from description,lt:title; lt:description; ru:description; lv:title; lv:description; fi:title; fi:description,ee:description,
included,10156188434770,ocean-wave-wall-decals-blue-watercolor-88467,Blue Ocean Wave Wall Decals | Watercolor Vinyl Sticker Set,1,4331588467,7341146794204,medium — size range/single measurement derived from description,lt:title; lt:description; ru:description; lv:title; lv:description; fi:title; fi:description,,
included,10156188467538,watercolor-wave-wall-decals-set-minimal-86629,"Watercolor Wave Wall Decals Set | Minimal Ocean Wave Stickers | Blue Sea Vinyl Wall Art for Nursery, Beach House, or Coastal Room Decor",1,4331586629,7341146794198,medium — size range/single measurement derived from description,lt:title; lt:description; ru:description; lv:title; lv:description; fi:title; fi:description,ee:description,
included,10170293846354,hot-air-balloon-wall-decals-nursery-79990,Hot Air Balloon Wall Decals | Nursery Sticker Set,1,4335779990,7341146794730,medium — size range/single measurement derived from description,lt:title; lt:description; ru:description; lv:title; lv:description; fi:title; fi:description,,
included,10170310230354,vintage-hot-air-balloon-wall-decals-82374,Vintage Hot Air Balloon Nursery Wall Decal Set,1,4335782374,7341146794747,medium — size range/single measurement derived from description,lt:title; lt:description; ru:description; lv:title; lv:description; fi:title; fi:description,ee:description,
included,10746740932946,3d-underwater-wall-vinyl-decal-13156,3D Underwater Wall Vinyl Decal | Jellyfish Coral Reef Broken Wall Illusion Sticker,15,PRE-3DUND-8IN-SF2I,7341146998039,medium — size range/single measurement derived from description,lt:title; lt:description; ru:description; lv:title; lv:description; fi:title; fi:description,,
included,10769837457746,boho-fox-wall-vinyl-decal-colorful-81449,Boho Fox Wall Vinyl Decal | Colorful Mandala Animal Face Sticker,15,PRE-BOHFOX-8IN-DV0I,7341146998183,medium — size range/single measurement derived from description,lt:title; lt:description; ru:description; lv:title; lv:description; fi:title; fi:description,,
included,10778032177490,daisy-lavender-wall-vinyl-decal-56046,Daisy Lavender Wall Vinyl Decal | Watercolor Floral Bouquet Sticker,15,PRE-DAILAV-8IN-5DAI,7341146998336,medium — size range/single measurement derived from description,lt:title; lt:description; ru:description; lv:title; lv:description; fi:title; fi:description,,
included,10789779505490,sleeping-fairy-wall-vinyl-decal-cute-15947,Sleeping Fairy Wall Vinyl Decal | Cute Blue Flower Fairy Sticker,15,PRE-SLEFAI-8IN-FDKI,7341146999951,medium — size range/single measurement derived from description,lt:title; lt:description; ru:description; lv:title; lv:description; fi:title; fi:description,,
included,10789785502034,sleeping-fairy-wall-vinyl-decal-cute-17365,Sleeping Fairy Wall Vinyl Decal | Cute Pink Lotus Flower Fairy Sticker,15,PRE-SLEFAI-8IN-FA8I,7341147000106,medium — size range/single measurement derived from description,lt:title; lt:description; ru:description; lv:title; lv:description; fi:title; fi:description,,
included,10789799362898,cool-doberman-wall-vinyl-decal-dog-with-27802,Cool Doberman Wall Vinyl Decal | Dog With Sunglasses Sticker,15,PRE-COODOB-8IN-B2CI,7341147000250,medium — size range/single measurement derived from description,lt:title; lt:description; ru:description; lv:title; lv:description; fi:title; fi:description,,
included,10789895176530,sun-and-moon-wall-vinyl-decal-celestial-58075,Sun and Moon Wall Vinyl Decal | Celestial Face Sticker,15,PRE-SUNAND-8IN-5CCI,7341147000403,medium — size range/single measurement derived from description,lt:title; lt:description; ru:description; lv:title; lv:description; fi:title; fi:description,,
included,10802488541522,3d-japanese-garden-wall-vinyl-decal-zen-66626,3D Japanese Garden Wall Vinyl Decal | Zen Pagoda Bridge Broken Wall Illusion Sticker,15,PRE-3DJAP-8IN-GGQI,7341147000557,medium — size range/single measurement derived from description,lt:title; lt:description; ru:description; lv:title; lv:description; fi:title; fi:description,,
included,10802776441170,3d-deer-wall-vinyl-decal-stag-broken-83020,3D Deer Wall Vinyl Decal | Stag Broken Wall Illusion Sticker,15,PRE-3DDEE-8IN-DEQI,7341147000809,medium — size range/single measurement derived from description,lt:title; lt:description; ru:description; lv:title; lv:description; fi:title; fi:description,,
included,10807737680210,white-magnolia-branch-wall-vinyl-decal-70377,White Magnolia Branch Wall Decal,15,PRE-WHIMAG-8IN-KO8I,7341147003299,medium — size range/single measurement derived from description,lt:title; lt:description; ru:description; lv:title; lv:description; fi:title; fi:description,,
included,10813202628946,watercolor-village-houses-wall-vinyl-45458,Watercolor Village Houses Wall Vinyl Decal | Cute Cottage Town Sticker,15,PRE-WATVIL-8IN-J66I,7341147003442,medium — size range/single measurement derived from description,lt:title; lt:description; ru:description; lv:title; lv:description; fi:title; fi:description,,
included,10813248110930,cute-fox-wall-vinyl-decal-watercolor-50811,Cute Fox Wall Vinyl Decal | Watercolor Baby Fox Sticker With Scarf,15,PRE-CUTFOX-8IN-3CAI,7341147003596,medium — size range/single measurement derived from description,lt:title; lt:description; ru:description; lv:title; lv:description; fi:title; fi:description,,
included,10824877637970,funny-cat-group-wall-vinyl-decal-75251,Funny Cat Group Wall Vinyl Decal | Cartoon Kittens Lineup Sticker,15,PRE-FUNCAT-8IN-JF0I,7341147004296,medium — size range/single measurement derived from description,lt:title; lt:description; ru:description; lv:title; lv:description; fi:title; fi:description,,
included,10824889991506,chamomile-daisies-wall-vinyl-decal-83432,Chamomile Daisies Wall Vinyl Decal | Watercolor Wildflower Meadow Sticker,15,PRE-CHADAI-8IN-U88I,7341147004449,medium — size range/single measurement derived from description,lt:title; lt:description; ru:description; lv:title; lv:description; fi:title; fi:description,,
excluded,7347918995706,decorative-wall-niche-decals,3D Decorative Wall Niche Decals | Modern Vase & Plant Set,20,,,,,,one or more variants have no reliably parsed size
excluded,7347938754810,custom-glowing-vinyl-wall-decal-customised-glow-in-dark-ceiling-sticker-personalised-made-vector-image-luminescent-sign-free-gift,"Custom Glow-in-the-Dark Wall Decal | Logo, Text & Art",19,,,,,,custom/personalized product excluded
excluded,7348025491706,40x-cactus-wall-decal-bedroom-nursery-room-vinyl-art-decor-sticker-plant-kitchen-decals-mural-baby-home-peel-stick-door-light-clings,Cactus Oasis Vinyl Wall Decals - Transform Your Space with Nature,6,,,,,,one or more variants have no reliably parsed size
excluded,7348059668730,constellations-vinyl-wall-stickers-zodiac-star-space-ceiling-art-decals-gold-stars-astronomy-set-kids-bedroom-nursery-decor,"Celestial Dreams Themed Vinyl Wall Stickers, Adhesive Decal Art for Walls",1,,,,,,already imported batch 001
excluded,7348150370554,custom-business-name-vinyl-wall-sticker-customized-office-letter-sign-decor-customize-personalized-large-lettering-decal,Personalized Office Wall Decal - Customized Business Name Sticker for Wall Decor,20,,,,,,custom/personalized product excluded
excluded,7348164264186,inspirational-wall-vinyl-quote-sticker-motivational-positive-inspiration-decal-motivating-bedroom-classroom-saying-words-are-powerful,"""Inspire and Elevate"" Motivational Wall Vinyl Decal - Optimal for Personal Inspiration",6,,,,,,already imported batch 001
excluded,7348202832122,50x-cross-sticker-vinyl-wall-decor-the-adhesive-home-decal-crossing-line-small-black-decoration-for-boy-girl-large-office-stick,Adhesive CrossLine Vinyl Wall Decals - Artistic Home Accentuation Solution,6,,,,,,one or more variants have no reliably parsed size
excluded,7348263682298,custom-personalized-handwriting-sticker-hand-writing-quote-gift-wall-drawn-vinyl-decal-made-lettering-written-in-calligraphy-sigm-mural,Personalized Custom Quote Wall Decal - Handwritten Vinyl Sticker for Unique Decoration,20,,,,,,custom/personalized product excluded
excluded,7348266533114,picture-frame-wall-sticker-photo-frames-vinyl-decal-polaroid-family-planner-custom-heart-decals-interior-room-decor-stickers-photos,Personalized Elegant Frame Decal - Stylish Wall Decor Sticker,8,,,,,,custom/personalized product excluded
excluded,7348304543994,12x-flock-of-birds-wall-sticker-vinyl-flying-decal-art-decor-peel-and-stick-mural-stickers-silhouettes-decoration-bird-decals,Stylish Bird Themed Wall Decal Sticker Set - Visual Aesthetic Design enhancement,12,,,,,,one or more variants have no reliably parsed size
excluded,7348334133498,40x-triangle-wall-vinyl-decals-nursery-kids-room-black-stickers-for-decor-white-geometric-baby-removable-sticker-shapes-pattern-decal,Geometric Triangle Wall Decal Set - 40 Piece Vinyl Wall Art Stickers,11,,,,,,one or more variants have no reliably parsed size
excluded,7348335575290,40x-bee-wall-stickers-bumble-queen-honey-decor-for-bedroom-the-living-room-nursery-removable-vinyl-decals-baby-home-art-cute-bumblebee,Bumblebee Wall Decals - Enchanting Vinyl Stickers for Interior Decoration,11,,,,,,one or more variants have no reliably parsed size
excluded,7348336591098,40x-cloud-wall-decals-nursery-stickers-clouds-decal-for-baby-room-girl-boy-kids-ceiling-decor-removable-decorations-vinyl-mural-sticker-1,"WhimsiCloud Children's Wall Stickers, Removable Kid's Room Wall Decals",11,,,,,,one or more variants have no reliably parsed size
excluded,7348339245306,50x-glasses-wall-decals-decor-spectacles-sticker-for-bedroom-living-room-gold-vinyl-decal-adhesive-pairs-of-glasses-cell-stickers,"Pack of 50 Spectacular Wall Decals, Spectacles Design Wall Stickers",14,,,,,,one or more variants have no reliably parsed size
excluded,7348339310842,100x-arrow-wall-stickers-arrows-sticky-sticker-decal-directional-sign-small-vinyl-decals-for-large-room-tribal-adhesive-triangle,WhimsyArrows Vinyl Wall Decals - Wall Art Stickers for Decoration,6,,,,,,one or more variants have no reliably parsed size
excluded,7348342161658,50x-pineapple-wall-decals-gold-decor-decal-bedroom-sticker-art-stickers-decorations-for-a-room-girls-home-cute-nursery-vinyl-wallpaper,Chic Vinyl Wall Decals: Golden Pineapple Stylish Wall Stickers,7,,,,,,one or more variants have no reliably parsed size
excluded,7348342849786,cat-sticker-cute-vinyl-funny-cats-lover-gift-lovers-decal-art-pet-black-kitten-stickers-decor-silhouettes-kitty-die-cut,Adorable Cat Silhouette Decal Vinyl Sticker - Trendy Pet-Themed Wall Art Accessory,18,,,,,,one or more variants have no reliably parsed size
excluded,7348345831674,refrigerator-smiley-face-decal-happy-chef-smile-fridge-door-vinyl-sticker-for-kitchen-home-stick-adhesive-smiling-dining-decor,Happiness Wall Decal Sticker for Kitchen - Stylish and Adhesive Wall Art Decorations,16,,,,,,one or more variants have no reliably parsed size
excluded,7632906682618,nursery-cloud-dream-wall-sticker-baby-animal-decor-decal-for-boy-girl-room-toddler-infant-and-newborn-kid-shower-moon-star-decoration,Adorable Infant Animal Sky Wall Decal - Creative Kids Room Mural Decoration,12,,,,,,one or more variants have no reliably parsed size
excluded,7632910844154,baby-nursery-wall-decor-sticker-animal-cloud-dream-decal-for-boy-girl-room-toddler-infant-and-newborn-kid-shower-moon-star-decoration,"Cloud Animal Dream Wall Decal: Wall Sticker, Vinyl Artwork Decoration, Wall Tattoo",12,,,,,,one or more variants have no reliably parsed size
excluded,7718026313978,penguins-and-fox-wall-stickers-for-kids-balloons-decal-for-baby-girl-kid-boy-nursery-room-decoration-hot-air-ballon-clouds-wallpaper,"WhimsyLand Wall Decals: Penguin, Fox & Hot Air Balloon Themed Stickers",19,,,,,,one or more variants have no reliably parsed size
excluded,7736833016058,fish-vinyl-wall-sticker-set-art-decor-cute-waterproof-fishing-ocean-outdoor-decoration-decal-decorative-gift-window-sea-flyfishing-mural,"Underwater Oasis Wall Decal Set, Vinyl Wall Graphics, DIY Wall Art Stickers",10,,,,,,one or more variants have no reliably parsed size
excluded,7761777590522,cool-thinking-monkey-wall-sticker-inspired-by-banksy-street-art-graffiti-vinyl-decal-dj-chimp-thinker-in-headphones-mural-decal-47-x-33-inches-120x80-cm,Contemplative Chimp Design Wall Sticker Wall Decal – Removable Peel & Stick Wall Sticker,1,,,,,,one or more variants have no reliably parsed size
excluded,7762460573946,penguins-and-fox-wall-stickers-for-kids-balloons-decal-for-baby-girl-kid-boy-nursery-room-decoration-hot-air-ballon-clouds-wallpaper-1,"Adorable Animal Wall Stickers, Fauna Art Decals, Charming Creature Wall Appliques",19,,,,,,one or more variants have no reliably parsed size
excluded,7762461950202,ocean-whales-wall-sticker-for-kids-room-decor-the-under-sea-life-baby-boy-nursery-decal-fish-theme-classroom-peel-and-stick-decoration,"Ocean Themed Undersea Adventure Wall Sticker Decal Set, Nautical Decor Art",1,,,,,,one or more variants have no reliably parsed size
excluded,7762461982970,ocean-whales-wall-sticker-for-kids-room-decor-fish-theme-baby-boy-nursery-decal-the-under-sea-life-classroom-peel-and-stick-decoration,Undersea Themed Wall Decal Set - Ocean Wonders Wall Vinyl Stickers,1,,,,,,one or more variants have no reliably parsed size
excluded,7938581135610,24x-daisy-wall-decals-white-flowers-room-decor-stickers-kids-girls-nursery-floral-decoration-bedroom-peel-and-stick-white-vinyl-decal,"Boho Vinyl Wall Stickers, Blossom Flower Decorative Wall Decals, Peel & Stick Art Mural",15,,,,,,one or more variants have no reliably parsed size
excluded,8567538155858,gold-thin-lines-circle-dots-stickers-geometric-peel-and-stick-decals-for-sophisticated-bedroom-decor-elegant-long-lines-vinyl-decals,Chic Geometric Pattern Gold Wall Decal Collection,1,,,,,,one or more variants have no reliably parsed size
excluded,8568352440658,leaf-wall-decor-stickers-botanical-peel-stick-green-leafs-decals-nursery-olive-floral-vinyl-decal-tropical-branch-for-bedroom-sticker_1299734630_,Olive Botanical Vinyl Wall Stickers: Redefine Your Area with Natural Sophistication,1,,,,,,one or more variants have no reliably parsed size
excluded,8568354668882,hot-air-balloon-wall-stickers-animals-clouds-nursery-decor-decal-baby-kids-room-art-watercolor-vinyl-decoration-decals-toddler-sticker_1299656898_,"Adventure Sky Wall Stickers, Whimsical Atmosphere Decals for Walls",4,,,,,,one or more variants have no reliably parsed size
excluded,8568369512786,forest-animals-and-trees-wall-decal-for-kids-room-nursery-woodland-stickers-with-watercolor-tree-big-wall-decor-set_1470215385_,Woodland Wonders Vinyl Wall Decal Set - Whimsical Animal & Forest Theme Stickers,3,,,,,,one or more variants have no reliably parsed size
excluded,8568369676626,black-thin-line-stickers-mountains-peel-and-stick-stripe-wall-decals-decor-geometric-nursery-room-long-lines-shape-vinyl-decal_1440129137_,Black Mountain Line Peel and Stick Decals - Trendy Wall Stickers,1,,,,,,already imported batch 001
excluded,8568369709394,heart-bubbles-girl-wall-sticker-street-art-graffiti-love-vinyl-decal-removable-nursery-girls-room-decor-cute-bubble-hearts-mural_1410594014_,Graffiti Art Wall Decal - Bubble Love Heart Street Art Sticker,40,,,,,,one or more variants have no reliably parsed size
excluded,8568372265298,cute-baby-lama-nursery-wall-decal-alpaca-wall-sticker-for-kids-room-decor-watercolor-llamas-animal-in-flowers-llama-many-sizes-available_1540003832_,"Whimsical Alpaca Wall Sticker, Delightful Wall Decal, Attention-Grabbing Wall Decals Alpacas",17,,,,,,one or more variants have no reliably parsed size
excluded,8568375017810,premium-peel-and-stick-daisy-flower-wall-decals-perfect-for-kids-room-nursery-and-bedroom-white-vinyl-sticker-floral-decoration-_1506916316_,Daisy Flower Wall Decals - Peel and Stick Whimsical Blooms Decorative Stickers,1,,,,,,one or more variants have no reliably parsed size
excluded,8568425152850,large-christmas-tree-wall-sticker-green-pine-vinyl-decal-decoration-for-living-room-peel-stick-kids-holiday-removable-mural-decor_1335832830_,Christmas Pine Wall Decal - Festive Holiday Wall Sticker - Tree Design,17,,,,,,one or more variants have no reliably parsed size
excluded,8568426234194,36x-rainbow-circle-wall-decals-dots-stickers-room-decor-dot-shapes-colorful-vinyl-decal-round-circles-shape-confetti-diy-vivid-sticker_1425909406_,Vibrant Circle Wall Decals: Vinyl Stickers for Colorful Whimsical Decor,18,,,,,,one or more variants have no reliably parsed size
excluded,8568427151698,outer-space-wall-decals-astronaut-and-galaxy-planet-stickers-rocket-solar-system-decor-for-kids-boys-girls-nursery-bedroom-cosmos-gift_1511579066_,Stellar Journey Wall Stickers - Galaxy Themed Wall Decals for Kids and Adults,1,,,,,,one or more variants have no reliably parsed size
excluded,8568427675986,farm-theme-wall-stickers-watercolor-animals-houses-and-fences-decor-perfect-for-kids-room-transformation-cows-farming-decals_1512281340_,Farmyard Wall Decals: Whimsical Countryside Kids Room Transformative Decorations,1,,,,,,one or more variants have no reliably parsed size
excluded,8568427708754,50x-kids-playroom-round-dots-decals-watercolor-play-sign-stickers-nursery-preschool-colorful-decorations-removable-circles-vinyl-diy_1525801569_,Playful Watercolor Dots: Vibrant Wall Decals for Play Areas and Children's Spaces,6,,,,,,one or more variants have no reliably parsed size
excluded,8568435212626,24x-boho-daisy-wall-stickers-brown-flowers-room-decor-decals-bedroom-peel-and-stick-vinyl-decal-kids-girls-nursery-floral-decoration_1418715839_,"Boho Blossom Daisy Wall Stickers, Decorative Flower Decal, Tree Branch Peel & Stick Art",16,,,,,,one or more variants have no reliably parsed size
excluded,8568435245394,50x-neutral-boho-dots-decals-nursery-baby-kids-room-pastel-circle-wall-stickers-decor-earthy-colorful-removable-circles-vinyl-murals-diy_1389583222_,Boho Circle Wall Decals - Vibrant Kids & Children’s Removable Stickers,18,,,,,,one or more variants have no reliably parsed size
excluded,8568443535698,banksy-suicide-girl-with-butterfly-wall-decal-bansky-street-art-graffiti-gun-vinyl-sticker-for-wall-teen-room-love-mural_1423202143_,Butterfly Girl Vinyl Sticker - Emotional Street Art Wall Decal,17,,,,,,one or more variants have no reliably parsed size
excluded,8568446484818,custom-wall-decal-logo-create-personalized-business-customized-sticker-customize-large-vinyl-personal-made-customizable-personalize_974110908_,Custom Business Logo Vinyl Wall Decal,20,,,,,,custom/personalized product excluded
excluded,8568446517586,custom-personalized-stickers-decals_974113294_,Custom Vinyl Wall Decal from Your Design,20,,,,,,custom/personalized product excluded
excluded,8568446746962,watercolor-llama-floral-wall-decal-cute-alpaca-girls-room-vinyl-sticker-decor-cute-lama-wall-decoration-many-sizes-available_1554193561_,Artistic Alpaca and Floral Wall Decal - Watercolor Vinyl Llama Sticker,17,,,,,,one or more variants have no reliably parsed size
excluded,8568459559250,custom-scripture-wall-sticker-personalized-bible-verse-quotes-decal-church-wall-art-sayings-removable-vinyl-lettering-sign-text_1489727961_,Personalized DivineVerse Scripture Decal: Bible Inspirational Quotes Decal Sticker,14,,,,,,custom/personalized product excluded
excluded,8568466571602,christian-wall-vinyl-sticker-inspirational-bible-religious-quote-decal-family-saying-love-word-for-bedroom-living-room-biblical-decor_1270264955_,We Love Each Other Wall Decal | Family Values Quote,3,,,,,,already imported batch 001
excluded,8568466702674,circle-boho-wall-decal-round-bedroom-bed-arch-headboard-modern-sticker-large-vinyl-dot-shape-room-decor-scandinavian-light-color-style_1409014470_,Scandinavian Style Circle Wall Sticker Decal for Interior Design,100,,,,,,50 or more variants; export may be truncated
excluded,8568471454034,hanging-plant-basket-wall-sticker-tropical-pot-living-room-decor-decals-botanical-garden-themed-idea-vinyl-mural-peel-stick-decoration_1388830956_,Botanical Oasis Wall Sticker - Tropical Hanging Plant Basket Decal,6,,,,,,one or more variants have no reliably parsed size
excluded,8568474992978,abstract-hand-silhouette-wall-decal-set,Abstract Hand Silhouette Wall Decal Set | Vinyl Stickers,6,,,,,,one or more variants have no reliably parsed size
excluded,8609944404306,gym-quote-wall-decal-motivational-51829,Muscles Are Built on Consistency Gym Wall Decal,18,,,,,,one or more variants missing SKU
excluded,8609991524690,dino-merry-christmas-wreath-wall-decal-97521,Dino Merry Christmas Wreath Wall Decal - Funny Dinosaur T-Rex in Red Hat Sticker - Festive Wall Art Mural -  Removable Holiday Decor,32,,,,,,one or more variants missing SKU
excluded,8609992868178,floral-green-wreath-wall-decal-with-red-93011,Christmas Floral Wreath Wall Decal with Red Bow,8,,,,,,one or more variants missing SKU
excluded,8609993294162,christmas-wreath-wall-decal-lights-87515,Christmas Wreath Wall Decal - Lights Ornaments Decor Sticker - Festive Wall Art Mural - Peel and Stick Removable Holiday Home Decor,8,,,,,,one or more variants missing SKU
excluded,8609993982290,colorful-humorous-santa-in-glasses-04680,Colorful Humorous Santa in Glasses & Sleigh Wall Decal - Funny Christmas Silhouette Stickers - Holiday Home Decor - Festive Wall Art Mural,8,,,,,,one or more variants missing SKU
excluded,8610024554834,floral-elephant-wall-decal-colorful-35858,Floral Elephant Wall Decal | Colourful Nursery Vinyl Sticker,27,,,,,,one or more variants missing SKU
excluded,8610032353618,vibrant-rainbow-sea-turtle-wall-decal-34122,Vibrant Rainbow Sea Turtle Wall Decal - Ocean Life Removable Tortoises Sticker - Ideal for Marine Themed Rooms - Marine Turtle Mural,14,,,,,,one or more variants missing SKU
excluded,8610036580690,charming-giraffe-with-glasses-wall-decal-40244,Charming Giraffe with Glasses Wall Decal - Vibrant Watercolor Toddler Sticker Room Decor - Easy-to-Apply & Repositionable Safari Animal Art,17,,,,,,one or more variants missing SKU
excluded,8610041856338,hanging-vine-wall-sticker-green-ivy-68417,"Hanging Vine Wall Sticker - Green Ivy Leaves Decal - Versatile Floral Decor for Living Room, Bedroom, Sofa Background and Wall Decoration",1,,,,,,one or more variants missing SKU
excluded,8610050277714,banksy-inspired-thinking-monkey-decal-in-46956,Pink Monkey with Headphones Wall Decal | Street Art Vinyl Sticker,19,,,,,,one or more variants missing SKU
excluded,8610052342098,woman-floral-hair-wall-decal,Woman with Floral Hair Wall Decal | Monochrome Portrait,27,,,,,,one or more variants missing SKU
excluded,8610052964690,gold-thin-lines-circle-dots-stickers-88942,Gold Thin Lines & Circle Dots Stickers - Geometric Peel and Stick Decals for Sophisticated Bedroom Decor - Elegant Long Lines Vinyl Decals,21,,,,,,one or more variants missing SKU
excluded,8747092345170,contemporary-smoky-glass-door-sticker-44618,Contemporary Smoky Glass Door Sticker - Abstract Gradient Transparency Glass Wall Decal for Privacy and Decor,9,,,,,,one or more variants missing SKU
excluded,8747093197138,contemporary-smoky-glass-door-sticker-29282,Contemporary Smoky Glass Door Sticker - Abstract Gradient Transparency Glass Wall Decal for Privacy and Decor,9,,,,,,one or more variants missing SKU
excluded,8747095392594,mouse-hole-wall-decal,3D Mouse Hole Wall Decal | Brown Mouse Peeking Sticker,1,,,,,,one or more variants missing SKU
excluded,8747096768850,fire-race-car-wall-decal,3D Fire Race Car Wall Decal | Sports Car Breakthrough Sticker,20,,,,,,one or more variants missing SKU
excluded,8747147755858,custom-wall-decal-logo-sticker-print-96873,Custom Wall Decal Logo Sticker Print - Personalized Vinyl Label Printed Shape Cut - Business Printing Product - Round Photo Door Die Sign,27,,,,,,custom/personalized product excluded
excluded,8747164369234,custom-glowing-vinyl-wall-decal-47284,Custom Glowing Vinyl Wall Decal - Customised Glow in Dark Ceiling Sticker - Personalised Made Vector Image Luminescent Sign,20,,,,,,custom/personalized product excluded
excluded,8747166761298,stylized-tree-wall-sticker-with-colorful-48223,Stylized Tree Wall Sticker with Colorful Leaves - Modern and Artistic Vinyl Decal for Room Decor - Elegant  Floral Branch Wall Art Decor,16,,,,,,duplicate SKU within product
excluded,8747173019986,100x-arrow-wall-stickers-arrows-sticky-45687,100x Arrow Wall Stickers - Arrows Sticky Sticker Decal Directional Sign - Small Vinyl Decals For Large Room - Tribal Adhesive Triangle,6,,,,,,one or more variants have no reliably parsed size
excluded,8747176100178,custom-scripture-wall-sticker-27961,Custom Scripture Wall Sticker | Bible Verse Lettering,20,,,,,,custom/personalized product excluded
excluded,8747179442514,custom-business-name-vinyl-wall-sticker-91825,Custom Business Name Vinyl Wall Sticker - Customized Office Letter Sign Decor - Customize Personalized Large Lettering Decal,20,,,,,,custom/personalized product excluded
excluded,8747184161106,banksy-girl-with-heart-balloon-wall-11397,Girl with Heart Balloon Wall Decal,20,,,,,,one or more variants have no reliably parsed size
excluded,8747185275218,circle-boho-wall-decal-round-bedroom-14470,Circle Boho Wall Decal - Round Bedroom Bed Arch Headboard Modern Sticker - Large Vinyl Dot Shape Room Decor - Scandinavian Light Color Style,100,,,,,,50 or more variants; export may be truncated
excluded,8747195466066,vintage-anchor-wall-decal-collection-06471,Vintage Anchor Wall Decal Collection - Set of 25 Nautical Vinyl Stickers - Customizable Retro Maritime Wall Art Decals,330,,,,,,50 or more variants; export may be truncated
excluded,8747196121426,hanging-plant-basket-wall-sticker-30956,Hanging Plant Basket Wall Sticker - Tropical Pot Living Room Decor Decals - Botanical Garden Themed Idea Vinyl Mural Peel Stick Decoration,18,,,,,,one or more variants have no reliably parsed size
excluded,8747200676178,custom-business-name-vinyl-wall-sticker-90879,Custom Business Name Vinyl Wall Sticker - Customized Office Letter Sign Decor - Customize Personalized Large Lettering Decal,3,,,,,,custom/personalized product excluded
excluded,8747230396754,50x-cross-sticker-vinyl-wall-decor-the-62706,50x Cross Sticker Vinyl Wall Decor - The Adhesive Home Decal Crossing Line - Small Black Decoration For Boy Girl - Large Office Stick,15,,,,,,one or more variants have no reliably parsed size
excluded,8747232526674,custom-wall-decal-of-your-pet-37117,Custom Wall Decal Of Your Pet - Personalized Dog Lover Portrait Vinyl Sticker Gift Idea - Customized My Love Memorial,324,,,,,,custom/personalized product excluded
excluded,8747261788498,220x-white-stars-wall-stickers-moon-83637,220x White Stars Wall Stickers - Moon Decor Vinyl Decals For Boy Girl Baby Nursery Kid Room,1,,,,,,one or more variants have no reliably parsed size
excluded,8747266802002,circle-wall-stickers-black-2-inches-09733,Circle Wall Stickers - Black 2 Inches Round Dot Labels - Small Colored Blank Removable Plain Decals Pack - Adhesive Game Sticky Color Print,24,,,,,,one or more variants have no reliably parsed size
excluded,8747282923858,hummingbird-wall-vinyl-sticker-colibri-46653,Hummingbird Wall Vinyl Sticker - Colibri Art Decor Humming Bird Cute Colorful Home Decal Gift - Waterproof Flying Tropical Exotic Baby Mural,420,,,,,,50 or more variants; export may be truncated
excluded,8747309039954,40x-circle-wall-vinyl-decals-gold-dots-70350,40x Circle Wall Vinyl Decals - Gold Dots Stickers Decal For Bedroom Kids Room Girls Nursery Decor - Circles Art Black Baby Removable Sticker,24,,,,,,one or more variants have no reliably parsed size
excluded,8747318935890,220x-white-stars-wall-stickers-moon-22554,220x White Stars Wall Stickers - Moon Decor Vinyl Decals For Boy Girl Baby Nursery Kid Room - Bedroom Decoration Space Sticky Labels Pack,1,,,,,,one or more variants have no reliably parsed size
excluded,8747328995666,glowing-ceiling-stickers-starry-sky-wall-66866,Glowing Ceiling Stickers- Starry Sky Wall Decal - Glow in the Dark Stars Crescent Sticker - Moonlight Luminescent Mural,1,,,,,,one or more variants have no reliably parsed size
excluded,8747334271314,tree-wall-decal-decor-birds-leaf-94209,Tree Wall Decal Decor - Birds Leaf Branches Bedroom Living Room Decals - Large Art Stickers Sticker Vinyl - Black Bird Mural For Office,100,,,,,,50 or more variants; export may be truncated
excluded,8747335647570,tree-wall-decal-decor-birds-leaf-93125,Tree Wall Decal Decor - Birds Leaf Branches Bedroom Living Room Decals - Large Art Stickers Sticker Vinyl - Black Bird Mural For Office,100,,,,,,50 or more variants; export may be truncated
excluded,8747341349202,50x-pineapple-wall-decals-gold-decor-41957,50x Pineapple Wall Decals - Gold Decor Decal Bedroom Sticker - Art Stickers Decorations For A Room Girls - Home Cute Nursery Vinyl Wallpaper,7,,,,,,one or more variants have no reliably parsed size
excluded,8747367301458,baby-nursery-dream-wall-sticker-animal-11574,Baby Nursery Dream Wall Sticker - Animal Cloud Decor Decal For Boy Girl Room,12,,,,,,one or more variants have no reliably parsed size
excluded,8747371954514,baby-nursery-wall-decor-sticker-cloud-93242,Baby Nursery Wall Decor Sticker - Cloud Moon Star Dream Decoration Animal Decal For Boy Girl Room - Toddler Infant And Newborn Kid Shower,100,,,,,,50 or more variants; export may be truncated
excluded,8747382112594,cute-baby-lama-nursery-wall-decal-03832,Cute Baby Lama Nursery Wall Decal - Alpaca Wall Sticker for Kids Room Decor - Watercolor llamas Animal in Flowers llama Many Sizes Available,17,,,,,,one or more variants have no reliably parsed size
excluded,8747409899858,custom-wall-decal-of-your-pet-32295,Custom Wall Decal Of Your Pet - Personalized Dog Lover Portrait Vinyl Sticker Gift Idea - Customized My Love Memorial Rescue Art Car Home,17,,,,,,custom/personalized product excluded
excluded,8747419468114,40x-triangle-wall-vinyl-decals-nursery-04724,40x Triangle Wall Vinyl Decals - Nursery Kids Room Black Stickers For Decor - White Geometric Baby Removable Sticker Shapes Pattern Decal,11,,,,,,one or more variants have no reliably parsed size
excluded,8747484447058,helicopter-wall-sticker-art-copter-02471,Helicopter Wall Sticker - Art Copter Vinyl Decal - Aircraft Pilot Decor Military Removable Decals - Boy Army Mural Flying Fighter Stickers,418,,,,,,50 or more variants; export may be truncated
excluded,8747487592786,custom-wall-decal-quote-vinyl-stickers-14690,Custom Wall Decal Quote Vinyl Stickers - Quotes Stickers Home Black Your Own . Stickers,20,,,,,,custom/personalized product excluded
excluded,8747492835666,40x-circle-wall-vinyl-decals-gold-dots-51741,40x Circle Wall Vinyl Decals - Gold Dots Stickers Decal For Bedroom Kids Room Girls Nursery Decor - Circles Art Black Baby Removable Sticker,24,,,,,,one or more variants have no reliably parsed size
excluded,8754985075026,chic-cat-in-sunglasses-wall-sticker-02250,Chic Cat in Sunglasses Wall Sticker - Lively Watercolor Feline Kitten Decal for Home Decor - Whimsical Kitty Art Gift Mural,17,,,,,,one or more variants have no reliably parsed size
excluded,8754999066962,12x-flock-of-birds-wall-sticker-vinyl-18716,12x Flock Of Birds Wall Sticker - Vinyl Flying Decal Art Decor - Peel And Stick Mural Stickers - Silhouettes Decoration Bird Decals,12,,,,,,one or more variants have no reliably parsed size
excluded,8755058639186,penguins-and-fox-wall-stickers-for-kids-80986,Penguins And Fox Wall Stickers For Kids - Balloons Decal For Baby Girl Kid Boy Nursery Room Decoration - Hot Air Ballon Clouds Wallpaper,19,,,,,,one or more variants have no reliably parsed size
excluded,8755065913682,moon-phase-wall-decor-decal-kid-full-25168,Moon Phase Wall Decor Decal - Kid Full Large Sticker For Nursery Baby Kids Room - Bedroom Ceiling Decorations Art Home Removable Vinyl,420,,,,,,50 or more variants; export may be truncated
excluded,8755067322706,257x-glow-in-the-dark-circle-stars-wall-76741,257x Glow In The Dark Circle Stars Wall Stickers - The Ceiling Round Ring And Moon Glowing Decal - Space Bedroom Home Night Constellation,1,,,,,,already imported batch 001
excluded,8755081478482,charming-boho-style-rainbow-wall-sticker-10080,Charming Boho Style Rainbow Wall Sticker - Nursery Room Cute Decal Decor - Easy to Apply - Vibrant Colors - 54x35 inches *,1,,,,,,already imported batch 001
excluded,8755081707858,heart-bubbles-girl-wall-sticker-street-94014,Heart Bubbles Girl Wall Decal,40,,,,,,one or more variants have no reliably parsed size
excluded,8755085312338,225x-glow-in-dark-zodiac-star-wall-14954,225x Glow In Dark Zodiac Star Wall Sticker - Nursery Ceiling Glowing Vinyl Luminous Decor Decal - Bedroom Fluorescent Luminescent Art,1,,,,,,already imported batch 001
excluded,8755109626194,sea-whales-wall-sticker-for-kids-room-54316,Sea Whales Wall Sticker For Kids Room Decor - The Under Ocean Life Baby Boy Nursery Decal - Fish Theme Classroom Peel And Stick Decoration,1,,,,,,one or more variants have no reliably parsed size
excluded,8755120210258,sea-whales-wall-sticker-for-kids-room-48199,Sea Whales Wall Sticker For Kids Room Decor - Fish Theme Baby Boy Nursery Decal - The Under Ocean Life Classroom Peel And Stick Decoration,1,,,,,,one or more variants have no reliably parsed size
excluded,8755120603474,ocean-whales-wall-sticker-for-kids-room-52976,Ocean Whales Wall Sticker For Kids Room Decor - The Under Sea Life Baby Boy Nursery Decal,1,,,,,,one or more variants have no reliably parsed size
excluded,8755120832850,ocean-whales-wall-sticker-for-kids-room-51430,Ocean Whales Wall Sticker For Kids Room Decor - Fish Theme Baby Boy Nursery Decal - The Under Sea Life Classroom Peel And Stick Decoration,1,,,,,,one or more variants have no reliably parsed size
excluded,8755563987282,custom-wall-decal-logo-create-68601,Custom Wall Decal Logo - Create Personalized Business Customized Sticker - Customize Large Vinyl - Personal Made Customizable Personalize,20,,,,,,custom/personalized product excluded
excluded,8755569066322,custom-text-quote-decal-personalized-35105,Custom Text Quote Decal - Personalized Name Vinyl Customized Letter Wall Sticker - Create Customize Lettering Saying Customizable Made Words,21,,,,,,custom/personalized product excluded
excluded,8755570639186,serene-sky-themed-wall-stickers-for-15087,Cloud and Star Nursery Wall Decal | Single-Colour Vinyl Sticker,23,,,,,,one or more variants have no reliably parsed size
excluded,8755571786066,modern-black-wall-stickers-dynamic-line-36242,Modern Abstract Line Wall Decal | Single-Colour Vinyl Art,23,,,,,,one or more variants have no reliably parsed size
excluded,8755572048210,outer-space-wall-decals-astronaut-and-26410,Colourful Hot Air Balloon Wall Decal Set,1,,,,,,one or more variants have no reliably parsed size
excluded,8755574604114,lush-watercolor-peony-wall-decals-94244,Lush Watercolor Peony Wall Decals - Vibrant Bloom Peel and Stick Adhesives - Artistic Removable Wall Sticker Decor for Stylish Interiors,7,,,,,,one or more variants missing SKU
excluded,8755580862802,watercolor-llama-floral-wall-decal-93561,Watercolor Llama & Floral Wall Decal - Cute Alpaca Girls Room Vinyl Sticker Decor - Cute Lama Wall Decoration - Many SIzes Available,17,,,,,,one or more variants have no reliably parsed size
excluded,8755636404562,banksy-suicide-girl-with-butterfly-wall-02143,Girl with Butterfly Street Art Wall Decal | Vinyl Sticker,17,,,,,,one or more variants have no reliably parsed size
excluded,8755705774418,deer-moose-wildlife-wall-decal-birch-90992,Deer and Moose Birch Forest Wall Decal | Nursery Vinyl Sticker,13,,,,,,one or more variants have no reliably parsed size
excluded,8755712950610,custom-name-wall-98468,Custom Name Wall Decal,21,,,,,,custom/personalized product excluded
excluded,8755719045458,custom-name-football-player-wall-sticker-91073,Custom Name Football Player Wall Sticker - Personalized Home Decor - Boys Soccer Gaming Vinyl Decal for Boy Room and Gaming Zones,7,,,,,,custom/personalized product excluded
excluded,8755753419090,dandelion-wall-decor-decal-large-flower-41179,Dandelion Wall Decor Decal - Large Flower Vinyl Art Sticker For Bedroom Living Room Bathroom - Floral Nature Black Peel Stick Decoration,13,,,,,,one or more variants have no reliably parsed size
excluded,8755758465362,custom-text-quote-decal-personalized-78538,Custom Text Quote Decal - Personalized Name Vinyl Customized Letter Wall Sticker,21,,,,,,custom/personalized product excluded
excluded,8764416098642,vibrant-mandala-wall-sticker-removable-59581,Vibrant Mandala Wall Sticker - Removable Vinyl Decal for Meditation and Yoga Space - Sacred Geometry Art for Home and Studio Decor,20,,,,,,duplicate SKU
excluded,8806749962578,bright-australian-shepherd-wearing-shades-26121,Bright Australian Shepherd Wearing Shades Wall Decal - Cheerful Watercolor Dog in Glasses Sticker - Colorful Whimsical Pet Wall Mural Art,15,,,,,,one or more variants missing SKU
excluded,8806750060882,australian-shepherd-in-sunglasses-wall-34644,Australian Shepherd in Sunglasses Wall Sticker - Vivid Watercolor Pet Art Decal Home Decor - Colorful Playful Dog Self-Adhesive Mural Gift,15,,,,,,one or more variants missing SKU
excluded,8806750355794,wise-thinking-monkey-sticker-dj-chimp-83166,Wise Thinking Monkey Sticker - DJ Chimp in Headphones Wall Decal - Customizable Speech Bubble Art Vinyl for Boys' Room and Music Enthusiasts,18,,,,,,one or more variants missing SKU
excluded,8806754484562,thoughtful-st-bernard-in-glasses-wall-21349,Thoughtful St. Bernard in Glasses Wall Decal - Dreamy Watercolor Bernese Mountain Dog Imagining Art Sticker - Creative Pet Inspiration Decor,20,,,,,,one or more variants missing SKU
excluded,8806754615634,colorful-st-bernard-with-glasses-wall-19039,Colorful St. Bernard with Glasses Wall Decal - Bold Watercolor Bernese Mountain Dog Art Sticker - Modern Pop Art Decor for Pet Lovers Mural,20,,,,,,one or more variants missing SKU
excluded,8806756811090,personalized-birth-flower-name-sticker-05687,Personalized Birth Flower Name Sticker - Custom Birthday Month Floral Vinyl Wall Decal - Unique Birthflower Gift for Women and Girls,360,,,,,,custom/personalized product excluded
excluded,8806756942162,41098,Glow-in-the-Dark Moon Phases Wall Decal | Lunar Cycle Sticker,20,,,,,,one or more variants missing SKU
excluded,9267174637906,elegant-octopus-wall-sticker-decals-56549,"Detailed Octopus Wall Decal, Design 1",15,,,,,,one or more variants missing SKU
excluded,9267176964434,bear-in-forest-wall-sticker-textured-18872,Bear in Forest Wall Sticker - Textured Art Vinyl Nature Bruin Decal Mural - Dynamic Modern Brown Bear Wildlife Decal for Living Room Decor,15,,,,,,one or more variants missing SKU
excluded,9267188007250,minimalist-white-branch-wall-sticker-76382,Minimalist White Branch Wall Sticker Decal | Elegant Nature-Inspired Vinyl Art,15,,,,,,one or more variants missing SKU
excluded,9267190694226,minimalist-white-branch-wall-sticker-73990,Minimalist White Branch Wall Sticker Decal | Elegant Nature-Inspired Vinyl Art,15,,,,,,one or more variants missing SKU
excluded,9267191349586,gold-and-black-gradient-mandala-wall-71516,Gold and Black Gradient Mandala Wall Sticker Decals | Yoga Studio  Boho Meditation Room Decor,15,,,,,,one or more variants missing SKU
excluded,9267193282898,elegant-octopus-wall-sticker-decals-68978,"Detailed Octopus Wall Decal, Design 2",15,,,,,,one or more variants missing SKU
excluded,9267197280594,playful-giraffe-wall-sticker-with-pink-62218,Playful Giraffe with Pink Sunglasses Wall Decal,15,,,,,,one or more variants missing SKU
excluded,9267198067026,monochrome-giraffe-wall-sticker-with-50089,Monochrome Giraffe Wall Sticker with Glasses | Minimalist Black and White Animal Decals,15,,,,,,one or more variants missing SKU
excluded,9267198755154,colorful-giraffe-wall-sticker-decals-with-48023,Colourful Giraffe with Pink Sunglasses Wall Decal,15,,,,,,one or more variants missing SKU
excluded,9267199705426,bald-eagle-with-sunglasses-wall-sticker-55574,Bald Eagle with Sunglasses Wall Sticker Decal - Cool Bird in Glasses Room Decor - Easy-to-Apply Eagle Wall Art Sticker for Unique Room Decal,15,,,,,,one or more variants missing SKU
excluded,9267200426322,serious-bald-eagle-with-sunglasses-wall-43355,Serious Bald Eagle with Sunglasses Wall Sticker Decals - Cool Bird in Glasses Room Decor - Easy-to-Apply Eagle Wall Art Unique Room Decor,15,,,,,,one or more variants missing SKU
excluded,9267200983378,bald-eagle-with-sunglasses-wall-decal-41475,Bald Eagle with Sunglasses Wall Decal - Vibrant Watercolor Bird Sticker - Easy-to-Apply Eagle Decals for Room Decor - Unique Wall Art,15,,,,,,one or more variants missing SKU
excluded,9267201999186,vibrant-watercolor-bald-eagle-with-39425,Vibrant Watercolor Bald Eagle with Glasses Wall Decal - Colorful Bird Sticker - Easy-to-Apply Eagle Wall Art - Room Decor Decals for Homes,15,,,,,,one or more variants missing SKU
excluded,9267203342674,wise-bald-eagle-with-glasses-wall-decal-47676,Wise Bald Eagle with Glasses Wall Decal - Vibrant Watercolor Bird Sticker,15,,,,,,one or more variants have no reliably parsed size
excluded,9267203572050,funny-baby-chicken-with-glasses-wall-35825,Funny Baby Chicken with Glasses Wall Decal - Vibrant Watercolor Chick Sticker - Easy-to-Apply  Repositionable Decals - Kid Room Decor,15,,,,,,one or more variants missing SKU
excluded,9267204325714,cute-baby-chicken-with-glasses-wall-decal-33853,Cute Baby Chicken with Glasses Wall Decal - Vibrant Watercolor Chick Sticker - Repositionable Chicken Kid Art Decals - Room Decor for Kids,15,,,,,,one or more variants missing SKU
excluded,9267204784466,charming-baby-chicken-with-glasses-wall-42136,Charming Baby Chicken with Glasses Wall Decal - Vibrant Watercolor Chick Sticker - Easy-to-Apply  Repositionable Decals - Kid Room Decor,15,,,,,,one or more variants missing SKU
excluded,9267206062418,colorful-poultry-wall-sticker-decals-with-30281,Colorful Poultry Wall Sticker Decals with Sunglasses - Modern Chicken Art Decal - Vibrant Farm Animal Decor for Living Room - Cool Gift,15,,,,,,one or more variants missing SKU
excluded,9267206521170,vibrant-watercolor-chicken-art-sticker-28511,Vibrant Watercolor Chicken Art Sticker Decals - Charming Poultry with Glasses - Easy-to-Apply  Repositionable Room Decor for Kids  Adults,15,,,,,,one or more variants missing SKU
excluded,9267206947154,vibrant-purple-snake-with-glasses-wall-26699,Vibrant Purple Snake with Glasses Wall Decal - Scary Snake Sticker & Decals for Room Decor - Easy-to-Apply Repositionable Snake Art,15,,,,,,one or more variants missing SKU
excluded,9267207471442,vibrant-orange-snake-with-glasses-wall-34244,Vibrant Orange Snake with Glasses Wall Decal - Easy-to-Apply & Repositionable Watercolor Snake Sticker - Fun Room Decor Decals for Kids,15,,,,,,one or more variants missing SKU
excluded,9267208782162,vibrant-watercolor-orange-snake-sticker-32268,Vibrant Watercolor Orange Snake Sticker Decals with Glasses - Easy-to-Apply & Repositionable Room Decor - Charming Snake Art for Kids' Rooms,15,,,,,,one or more variants missing SKU
excluded,9267210453330,watercolor-wolf-wall-sticker-with-20235,Watercolor Wolf Wall Sticker with Sunglasses - Modern Wolf Art Decal - Vibrant Predator Animal Wall Mural - Room Decor - Living Room Sticker,15,,,,,,one or more variants missing SKU
excluded,9267213435218,colorful-wolf-wall-sticker-decals-with-15159,Colorful Wolf Wall Sticker Decals with Sunglasses - Modern Wolf Art Decal - Vibrant Wolf Decor for Living Room - Cool Wolf Lover Gift,15,,,,,,one or more variants missing SKU
excluded,9267219104082,vibrant-maine-coon-cat-wall-sticker-with-31266,Vibrant Maine Coon Cat Wall Sticker with Sunglasses | Colorful Modern Kitten Art Decal,17,,,,,,one or more variants missing SKU
excluded,9267219497298,colorful-maine-coon-cat-wall-sticker-with-19707,Colorful Maine Coon Cat Wall Sticker with Sunglasses - Modern Kittent Art Decal - Vibrant Kitty Decor for Living Room - Cool Cat Lover Gift,17,,,,,,one or more variants missing SKU
excluded,9267223560530,hexagonal-wood-effect-wallpaper-sticker-66835,"Hexagonal Wood Effect Wallpaper Sticker - Black Accent Adhesive Wall Decal, Rustic Wooden Honeycomb Decals for Modern Home Décor",7,,,,,,one or more variants missing SKU
excluded,9267224772946,funky-zebra-with-sunglasses-wall-decal-36365,Funky Zebra with Sunglasses Wall Decal - Vibrant Modern Animal Art Sticker for Home Decor - Easy-to-Apply & Repositionable Safari Animal Art,17,,,,,,one or more variants missing SKU
excluded,9267229196626,classic-black-and-white-lily-bloom-wall-31814,Classic Black and White Lily Bloom Wall Sticker - Elegant Floral Bedroom Wall Decal Decor - Peel and Stick Art Above the Bed Sticker,20,,,,,,one or more variants missing SKU
excluded,9271217946962,purple-lotus-flower-wall-decal-tranquil-47358,Purple Lotus Flower Wall Decal - Tranquil Peel and Stick Floral Art for Bedroom Sticker Decor - Stylish Violet Lotus Adhesives Decal,15,,,,,,one or more variants missing SKU
excluded,9271222731090,hexagon-wallpaper-decals-self-adhesive-61969,"Hexagon Wallpaper Decals - Self-Adhesive Wooden Hexagon Wall Design, Black and Wood Design Honeycomb Stickers, Modern Geometric Room Decor",7,,,,,,one or more variants missing SKU
excluded,9271223976274,whimsical-giraffe-in-glasses-wall-decal-53540,Whimsical Zebra in Glasses Wall Decal | Watercolor Animal Sticker,16,,,,,,one or more variants missing SKU
excluded,9271224828242,autumn-forest-bear-silhouette-wall-14051,Autumn Forest Bear Silhouette Wall Sticker - Majestic Woodland Scene Bruin Nature Vinyl Decal for Rustic Home Decor - Brown Bear Decal,15,,,,,,one or more variants missing SKU
excluded,9271228105042,elegant-monochrome-lily-flower-wall-decal-52622,Elegant Monochrome Lily Flower Wall Decal - Stylish Black and White Floral Art Sticker for Bedroom Decor,15,,,,,,one or more variants missing SKU
excluded,9271263986002,boho-nursery-floral-flower-wall-decals-59595,25-Piece Boho Floral Nursery Wall Decal Set,1,,,,,,one or more variants missing SKU
excluded,9289912844626,rainbow-flying-cat-with-wings-wall-72449,"Rainbow Flying Cat with Wings Wall Sticker Decals - Vibrant Room Decor for Kids, Nursery, and Playrooms - Cute and Colorful Wall Art",15,,,,,,one or more variants missing SKU
excluded,9289938633042,downy-woodpecker-in-glasses-street-art-82858,Downy Woodpecker in Glasses Street Art Style Wall Sticker Decals - Unique Room Decor for Bird Lovers - Vibrant and Trendy Home Decoration,15,,,,,,one or more variants missing SKU
excluded,9289948922194,downy-woodpecker-in-glasses-colorful-86607,"Downy Woodpecker in Glasses Colorful Stencil Style Wall Sticker Decals - Unique Room Decor for Kids, Nursery, and Living Spaces",15,,,,,,one or more variants missing SKU
excluded,9289958621522,downy-woodpecker-bird-in-glasses-wall-89063,"Downy Woodpecker Bird in Glasses Wall Sticker Decals - Colorful Art Style Room Decor - Perfect for Kids' Rooms, Nurseries, and Living Spaces",15,,,,,,one or more variants missing SKU
excluded,9289969860946,downy-woodpecker-bird-in-glasses-wall-93977,"Downy Woodpecker Bird in Glasses Wall Sticker Decals - Perfect Room Decor for Nature Lovers - Unique Bird Art for Home, or Nursery Walls",15,,,,,,one or more variants missing SKU
excluded,9289971401042,downy-woodpecker-bird-in-glasses-wall-02236,"Downy Woodpecker Bird in Glasses Wall Sticker Decals - Unique Room Decor for Nature Lovers - Perfect for Kids Rooms Nurseries, Living Spaces",15,,,,,,one or more variants missing SKU
excluded,9289983066450,watercolor-tiger-head-wall-art-sticker-07670,"Watercolor Tiger Head Wall Art Sticker Decals - Vibrant Jungle Safari Decor - Wildlife Tiger Face Mural for Living Room, Bedroom, Office",15,,,,,,one or more variants missing SKU
excluded,9289983525202,downy-woodpecker-bird-in-glasses-wall-99081,"Downy Woodpecker Bird in Glasses Wall Sticker Decals - Unique Room Decor for Nature Lovers - Perfect for Kids Rooms, Nurseries Living Spaces",15,,,,,,one or more variants missing SKU
excluded,9289992700242,huge-downy-woodpecker-bird-face-in-91458,Huge Downy Woodpecker Bird Face in Glasses Wall Sticker Decals - Unique Room Decor for Nature Lovers - Perfect for Living Room Bedroom Walls,15,,,,,,one or more variants missing SKU
excluded,9289992864082,intricate-chinese-dragon-wall-decal-07275,"Intricate Chinese Dragon Wall Decal Sticker - Asian Mythical Creature Decor - Feng Shui Wall Art for Living Room, Bedroom Decor Decals",15,,,,,,one or more variants missing SKU
excluded,9289992896850,geisha-silhouette-wall-decal-sticker-04499,"Geisha Silhouette Wall Decal Sticker - Elegant Japanese Art Decals - Minimalist Floral Mural - Asian Inspired Living Room, Bedroom Decor",15,,,,,,one or more variants missing SKU
excluded,9290001776978,cute-baby-dragon-wall-decal-colorful-12435,Cute Baby Dragon Wall Decal - Colorful Fantasy Creature Sticker - Kids Room Decor - Magical Nursery Art - Playful Dragon Mural,15,,,,,,one or more variants missing SKU
excluded,9290001809746,colorful-asian-woman-portrait-wall-decal-15978,"Colorful Asian Woman Portrait Wall Decal - Intricate Traditional Attire Sticker - Cultural Art Decor for Living Room, Bedroom, Office",15,,,,,,one or more variants missing SKU
excluded,9290009313618,cute-red-baby-dragon-wall-decal-sticker-21044,Cute Red Baby Dragon Wall Decal Sticker - Playful Fire-Breathing Dragon Wall Sticker for Kids Room - Fantasy Nursery Whimsical Dragon Mural,15,,,,,,one or more variants missing SKU
excluded,9290016915794,magical-unicorn-wall-decal-sticker-30018,Magical Unicorn Wall Decal Sticker - Floral Unicorn Mural - Whimsical Pastel Nursery Art - Enchanted Kids Room Decor - Unicorn Decals,15,,,,,,one or more variants missing SKU
excluded,9290017571154,golden-baby-dragon-wall-decal-sticker-26336,Golden Baby Dragon Wall Decal Sticker - Sparkling Fantasy Dragon Wall Decals for Kids Room - Enchanted Nursery Art - Whimsical Dragon Mural,15,,,,,,one or more variants missing SKU
excluded,9292280430930,watercolor-leaf-wall-decals-boho-green-92069,Watercolor Leaf Wall Decals | Boho Green Leaf Sticker Set,17,,,,,,one or more variants missing SKU
excluded,9294885519698,large-half-sun-wall-decal-cheerful-08346,Half Sun Nursery Wall Decal,20,,,,,,one or more variants missing SKU
excluded,9297325785426,celestial-whale-wall-sticker-black-48652,Celestial Whale Wall Sticker - Black Silhouette Whale with Stars Decal - Whimsical Ocean and Sky Wall Art - Modern Unique Room Decor,15,,,,,,one or more variants missing SKU
excluded,9297329422674,forest-silhouette-wall-sticker-black-46972,Forest Silhouette Wall Sticker | Black Pine Tree Wall Decal,15,,,,,,one or more variants missing SKU
excluded,9298249908562,roaring-carnotaurus-wall-decal-design-2,3D Roaring Carnotaurus Wall Decal | Dinosaur Design 2,15,,,,,,one or more variants missing SKU
excluded,9298249941330,carnotaurus-head-wall-decal-design-1,3D Carnotaurus Head Wall Decal | Dinosaur Design 1,15,,,,,,one or more variants missing SKU
excluded,9298266980690,vibrant-watercolor-macaw-parrot-wall-55134,Vibrant Watercolor Macaw Parrot Wall Decal Sticker - Colorful Tropical Bird Art - Jungle Decor for Living Room - Parrot Wall Decals,15,,,,,,one or more variants missing SKU
excluded,9298284380498,abstract-woman-art-deco-wall-decal-51849,Abstract Woman Art Deco Wall Decal - Modern Geometric Female Profile Sticker - Stylish Wall Decals for Room Decor - Unique Home Decoration,15,,,,,,one or more variants missing SKU
excluded,9298302009682,lion-head-wall-decal,3D Lion Head Wall Decal | Monochrome Animal Portrait,15,,,,,,one or more variants missing SKU
excluded,9298302042450,tiger-face-wall-decal,3D Tiger Face Wall Decal | Realistic Big Cat Portrait,15,,,,,,one or more variants missing SKU
excluded,9298317672786,corgi-dog-wall-decal,3D Corgi Wall Decal | Playful Dog Breakthrough,15,,,,,,one or more variants missing SKU
excluded,9298318262610,macaw-parrot-wall-decal,3D Macaw Parrot Wall Decal | Tropical Bird Sticker,15,,,,,,one or more variants missing SKU
excluded,9298318524754,tiger-breakthrough-wall-decal,3D Tiger Wall Decal | Majestic Breakthrough Design,15,,,,,,one or more variants missing SKU
excluded,9298334581074,racing-car-wall-decal,3D Racing Car Wall Decal | Sports Car Vinyl Sticker,15,,,,,,one or more variants missing SKU
excluded,9298335039826,tiger-head-broken-wall-decal,3D Tiger Head Wall Decal | Broken Wall Design,15,,,,,,one or more variants missing SKU
excluded,9298348474706,abstract-woman-face-wall-decal-sticker-67475,"Abstract Woman Face Wall Decal Sticker - Modern Geometric Art - Stylish Decor for Bedroom, Office - Elegant Female Portrait Wall Decals",15,,,,,,one or more variants missing SKU
excluded,9304585404754,elegant-line-art-wall-sticker-line-05465,Abstract Line Art Wall Decal in 21 Colours,21,,,,,,one or more variants missing SKU
excluded,9306919272786,elegant-circle-wall-sticker-modern-24016,Elegant Circle Wall Sticker | Modern Lines Abstract Wall Art Decal,12,,,,,,one or more variants missing SKU
excluded,9327227961682,giraffe-head-wall-decal-design-2,3D Giraffe Head Wall Decal | Safari Breakthrough Design 2,15,,,,,,one or more variants missing SKU
excluded,9327228191058,giraffe-breakthrough-wall-decal-design-1,3D Giraffe Wall Decal | Safari Breakthrough Design 1,15,,,,,,one or more variants missing SKU
excluded,9327231828306,wolf-forest-wall-decal-design-1,3D Wolf Forest Wall Decal | Enchanted Breakthrough Design 1,15,,,,,,one or more variants missing SKU
excluded,9327231893842,wolf-breakthrough-wall-decal-design-2,3D Wolf Wall Decal | Majestic Breakthrough Design 2,15,,,,,,one or more variants missing SKU
excluded,9327235826002,vibrant-watercolor-wolf-face-wall-decal-45589,"Vibrant Watercolor Wolf Face Wall Decal Sticker - Artistic Animal Decor for Living Room, Creative Space - Wolf Wall Art Room Decor",15,,,,,,one or more variants missing SKU
excluded,9327235957074,vibrant-watercolor-wolf-head-wall-decal-49394,"Vibrant Watercolor Wolf Head Wall Decal - Artistic Animal Sticker for Living Room, Bedroom, Creative Space - Unique Wolf Wall Art Decor",15,,,,,,one or more variants missing SKU
excluded,9327243723090,watercolor-horse-head-wall-decal-design-1,Watercolor Horse Head Wall Decal | Design 1,15,,,,,,one or more variants missing SKU
excluded,9327244378450,watercolor-horse-head-wall-decal-design-2,Watercolor Horse Head Wall Decal | Design 2,15,,,,,,one or more variants missing SKU
excluded,9327252898130,mystical-unicorn-wall-decal-design-2,3D Mystical Unicorn Wall Decal | Enchanted Forest Design 2,15,,,,,,one or more variants missing SKU
excluded,9327252930898,fantasy-unicorn-wall-decal-design-1,3D Fantasy Unicorn Wall Decal | Breakthrough Design 1,15,,,,,,one or more variants missing SKU
excluded,9328471900498,graffiti-tiger-wall-sticker-with-67674,Graffiti Tiger Wall Sticker with Sunglasses | Bold and Vibrant Animal Art Decal,15,,,,,,one or more variants missing SKU
excluded,9328493625682,graffiti-unicorn-wall-sticker-colorful-78508,"Graffiti Unicorn Wall Sticker - Colorful Unicorn with Sunglasses Decal - Modern Whimsical Art for Living Room, Bedroom, Creative Studio",15,,,,,,one or more variants missing SKU
excluded,9328493855058,photorealistic-unicorn-wall-sticker-79818,"Photorealistic Unicorn Wall Sticker - Bold Vibrant Unicorn with Sunglasses Decal - Modern Whimsical Art for Living Room, Creative Studio",15,,,,,,one or more variants missing SKU
excluded,9328504308050,photorealistic-graffiti-unicorn-wall-83476,"Photorealistic Graffiti Unicorn Wall Sticker - Colorful Unicorn with Sunglasses Decal - Modern Whimsical Art for Living Room, Bedroom",15,,,,,,one or more variants missing SKU
excluded,9328504373586,graffiti-unicorn-wall-sticker-photo-79501,"Graffiti Unicorn Wall Sticker - Photo realistic Unicorn with Sunglasses Decal - Bold Vibrant Wall Art for Living Room, Creative Studio",15,,,,,,one or more variants missing SKU
excluded,9331811058002,vibrant-jack-russell-terrier-wall-sticker-05022,Vibrant Jack Russell Terrier Wall Sticker with Sunglasses | Colorful Watercolor Dog Art Decal,15,,,,,,one or more variants missing SKU
excluded,9331811090770,photorealistic-jack-russell-terrier-wall-03674,"Photorealistic Jack Russell Terrier Wall Sticker - Vibrant Watercolor Dog with Sunglasses Decal - Playful Pet Art for Living Room, Bedroom",15,,,,,,one or more variants missing SKU
excluded,9331818594642,colorful-jack-russell-terrier-wall-07492,Colorful Jack Russell Terrier Wall Sticker with Sunglasses | Watercolor Dog Art Decal,15,,,,,,one or more variants missing SKU
excluded,9331818824018,vibrant-jack-russell-terrier-wall-sticker-03105,Vibrant Jack Russell Terrier Wall Sticker with Sunglasses | Watercolor Dog Art Decal,15,,,,,,one or more variants missing SKU
excluded,9331851034962,great-white-shark-wall-decal-design-3,3D Great White Shark Wall Decal | Breakthrough Design 3,15,,,,,,one or more variants missing SKU
excluded,9331851067730,tiger-shark-wall-decal,3D Tiger Shark Wall Decal | Underwater Breakthrough,15,,,,,,one or more variants missing SKU
excluded,9331858604370,white-shark-wall-decal-design-1,3D White Shark Wall Decal | Cracked Wall Design 1,15,,,,,,one or more variants missing SKU
excluded,9331858702674,great-white-shark-wall-decal-design-2,3D Great White Shark Wall Decal | Cracked Wall Design 2,15,,,,,,one or more variants missing SKU
excluded,9331858735442,open-jaw-white-shark-wall-decal-design-4,3D Open-Jaw White Shark Wall Decal | Design 4,15,,,,,,one or more variants missing SKU
excluded,9331864043858,white-shark-open-jaws-wall-decal-design-5,3D White Shark Wall Decal with Open Jaws | Design 5,15,,,,,,one or more variants missing SKU
excluded,9583898657106,baby-cow-with-sunglasses-sticker-47136,Baby Cow with Sunglasses Sticker | Colorful Watercolor Splash Art Decals,15,,,,,,one or more variants missing SKU
excluded,9583917728082,baby-cow-with-sunglasses-wall-decal-49968,Baby Cow with Sunglasses Wall Decal | Colorful Watercolor Splash Art Sticker,15,,,,,,one or more variants missing SKU
excluded,9583918874962,cool-cow-with-sunglasses-wall-decal-52798,Cool Cow with Sunglasses Wall Decal | Colorful Watercolor Splash Art Sticker,15,,,,,,one or more variants missing SKU
excluded,9583938830674,stylish-rabbit-with-sunglasses-wall-decal-52377,Stylish Rabbit with Sunglasses Wall Decal | Colorful Watercolor Art Sticker,15,,,,,,one or more variants missing SKU
excluded,9583940174162,trendy-cow-with-sunglasses-wall-decal-55040,Trendy Cow with Sunglasses Wall Decal | Colorful Watercolor Art Sticker,15,,,,,,one or more variants missing SKU
excluded,9583957868882,colorful-rabbit-with-sunglasses-wall-54613,Colorful Rabbit with Sunglasses Wall Decal | Vibrant Watercolor Art Sticker,15,,,,,,one or more variants missing SKU
excluded,9583959212370,vibrant-rabbit-with-sunglasses-wall-decal-61472,Vibrant Rabbit with Sunglasses Wall Decal | Fun Watercolor Bunny Sticker,15,,,,,,one or more variants missing SKU
excluded,9583977726290,colorful-rabbit-with-sunglasses-wall-63538,Colorful Rabbit with Sunglasses Wall Decal | Fun Watercolor Art Sticker,15,,,,,,one or more variants missing SKU
excluded,9583977759058,photorealistic-tiger-wall-decal-sticker-65684,Photorealistic Tiger Wall Decal Sticker | Fierce Jungle Cat Art,15,,,,,,one or more variants missing SKU
excluded,9602806448466,colorful-baby-panda-wall-decal-66997,Colorful Baby Panda Wall Decal | Watercolor Sunglasses Bear Sticker Art,15,,,,,,one or more variants missing SKU
excluded,9602806546770,adorable-baby-panda-wall-decal-69204,Adorable Baby Panda Wall Decal | Watercolor Sunglasses Art Sticker,15,,,,,,one or more variants missing SKU
excluded,9602827616594,vibrant-panda-wall-decal-with-sunglasses-74738,Vibrant Panda Wall Decal with Sunglasses | Watercolor Splash Bear Sticker,15,,,,,,one or more variants missing SKU
excluded,9602827780434,adorable-baby-panda-wall-decal-with-77586,Adorable Baby Panda Wall Decal with Sunglasses | Colorful Watercolor Splash Baby Bear Sticker,15,,,,,,one or more variants missing SKU
excluded,9602850586962,vibrant-baby-french-bulldog-wall-decal-81558,Vibrant Baby French Bulldog Wall Decal with Colorful Sunglasses | Watercolor Splash Cute Puppy Dog Sticker Art,15,,,,,,one or more variants missing SKU
excluded,9602850685266,adorable-baby-french-bulldog-wall-decal-79602,Adorable Baby French Bulldog Wall Decal with Sunglasses | Colorful Watercolor Splash Puppy Sticker Art,15,,,,,,one or more variants missing SKU
excluded,9602873950546,chic-french-bulldog-wall-decal-with-78671,Chic French Bulldog Wall Decal with Stylish Sunglasses | Colorful Watercolor Splash Dog Sticker Art Modern Room Decor,15,,,,,,one or more variants missing SKU
excluded,9602874081618,french-bulldog-wall-decal-with-sunglasses-85906,French Bulldog Wall Decal with Sunglasses | Colorful Watercolor Splash Pet Dog Sticker,15,,,,,,one or more variants missing SKU
excluded,9681700127058,colorful-baby-chimpanzee-wall-sticker-10415,Colorful Baby Chimpanzee Wall Sticker | Cute Animal Decal,15,,,,,,one or more variants missing SKU
excluded,9681712742738,vibrant-baby-chimpanzee-wall-sticker-17733,Vibrant Baby Chimpanzee Wall Sticker | Cool Animal Decal,15,,,,,,one or more variants missing SKU
excluded,9681713004882,cool-baby-chimpanzee-wall-sticker-18086,Cool Baby Chimpanzee Wall Sticker | Playful Animal Decal,15,,,,,,one or more variants missing SKU
excluded,9681767072082,cool-labrador-retriever-puppy-wall-37855,Cool Labrador Retriever Puppy Wall Sticker | Cute Animal Decal,15,,,,,,one or more variants missing SKU
excluded,9681767104850,colorful-labrador-puppy-wall-sticker-40654,Colorful Labrador Puppy Wall Sticker | Cute Dog Decal,15,,,,,,one or more variants missing SKU
excluded,9681774641490,vibrant-labrador-retriever-wall-sticker-42217,Vibrant Labrador Retriever Wall Sticker | Colorful Dog Decal with Sunglasses,15,,,,,,one or more variants missing SKU
excluded,9681774707026,bold-labrador-retriever-wall-sticker-41938,Bold Labrador Retriever Wall Sticker | Cool Dog Decal with Sunglasses,15,,,,,,one or more variants missing SKU
excluded,9681774805330,photorealistic-labrador-wall-sticker-41375,Photorealistic Labrador Wall Sticker | Cool Dog Decal with Sunglasses,15,,,,,,one or more variants missing SKU
excluded,9681785061714,vibrant-german-shepherd-wall-sticker-50417,Vibrant German Shepherd Wall Sticker | Cute Dog Decal with Sunglasses,15,,,,,,one or more variants missing SKU
excluded,9681785094482,playful-german-shepherd-wall-sticker-50780,Playful German Shepherd Wall Sticker | Cute Dog Decal with Sunglasses,15,,,,,,one or more variants missing SKU
excluded,9681797022034,colorful-german-shepherd-wall-sticker-58391,Colorful German Shepherd Wall Sticker | Cool Dog Decal with Sunglasses,15,,,,,,one or more variants missing SKU
excluded,9681808556370,photorealistic-german-shepherd-wall-59551,Photorealistic German Shepherd Wall Sticker | Cool Dog Decal with Sunglasses,15,,,,,,one or more variants missing SKU
excluded,9682661179730,yellow-circle-wall-decal-sun-nets-52641,Yellow Circle Wall Decal | Sun Nets Decorative Sticker,273,,,,,,50 or more variants; export may be truncated
excluded,9682690965842,terrazzo-wall-stickers-boho-shape-dot-60194,Terrazzo Wall Stickers | Boho Shape Dot Decals,1,,,,,,one or more variants missing SKU
excluded,9683186385234,playful-giraffe-wall-decal-watercolor-70941,Playful Giraffe Wall Decal | Watercolor Nursery Art,15,,,,,,one or more variants missing SKU
excluded,9683189629266,playful-giraffe-wall-sticker-watercolor-73263,Playful Giraffe Wall Sticker | Watercolor Minimalist Décor | Adorable Animal Decal,14,,,,,,one or more variants missing SKU
excluded,9683200999762,boho-headboard-decal-sky-blue-half-74822,Boho Headboard Decal | Sky Blue Half Circle Wall Sticker | Bed Arch Peel and Stick,14,,,,,,one or more variants missing SKU
excluded,9683208995154,boho-headboard-decal-pastel-half-circle-78279,Pastel Boho Half Circle Headboard Wall Decal,14,,,,,,one or more variants missing SKU
excluded,9683209027922,minimalist-boho-headboard-decal-neutral-76384,Minimalist Boho Headboard Decal | Neutral Half Circle Wall Sticker | Bed Arch Peel and Stick,14,,,,,,one or more variants missing SKU
excluded,9683215810898,boho-headboard-decal-pastel-semi-circle-78142,Boho Headboard Decal | Pastel Semi-Circle Wall Sticker,15,,,,,,one or more variants missing SKU
excluded,9683216105810,minimalist-headboard-decal-pastel-half-79859,Minimalist Headboard Decal | Pastel Half Circle Wall Sticker,15,,,,,,one or more variants missing SKU
excluded,9683223904594,textured-muted-blue-half-circle-wall-78988,Textured Muted Blue Half Circle Wall Decal | Modern Bed Headboard Accent Sticker,15,,,,,,one or more variants missing SKU
excluded,9694744609106,gold-stars-wall-decals-sparkles-star-62119,300 Star Wall Decal Set | Multiple Vinyl Colours,23,,,,,,one or more variants missing SKU
excluded,9694817386834,minimalist-boho-stripe-wall-decal-85360,Boho Stripe Wall Decals | 20 Long Vinyl Line Stickers,23,,,,,,one or more variants missing SKU
excluded,9694870470994,anatomical-skeleton-figure-wall-decal,Anatomical Skeleton Figure Wall Decal | Vinyl Sticker,14,,,,,,one or more variants missing SKU
excluded,9705780281682,corgi-with-sunglasses-wall-decal-cool-82235,Corgi with Sunglasses Wall Decal | Cool Dog Wall Art | Removable Animal Wall Sticker,14,,,,,,one or more variants missing SKU
excluded,9705804955986,happy-corgi-with-sunglasses-wall-decal-85234,Happy Corgi with Sunglasses Wall Decal | Fun Dog Wall Art | Removable Pet Wall Sticker,14,,,,,,one or more variants missing SKU
excluded,9705805414738,cool-corgi-with-sunglasses-wall-decal-83574,Cool Corgi with Sunglasses Wall Decal | Fun Dog Wall Art | Removable Pet Wall Sticker,14,,,,,,one or more variants missing SKU
excluded,9705829957970,cool-black-dog-with-sunglasses-wall-decal-88781,Cool Black Dog with Sunglasses Wall Decal | Stylish Great Dane Wall Art | Removable Pet Wall Sticker,14,,,,,,one or more variants missing SKU
excluded,9705886581074,rottweiler-with-sunglasses-wall-decal-96729,Rottweiler with Sunglasses Wall Decal | Cool Dog Wall Art | Removable Pet Wall Sticker,14,,,,,,one or more variants missing SKU
excluded,9713779212626,minimalist-bamboo-stem-wall-decal,Minimalist Bamboo Stem Wall Decal | Vinyl Plant Sticker,11,,,,,,one or more variants missing SKU
excluded,9713779245394,bamboo-plant-minimalist-wall-decal,Bamboo Plant Wall Decal | Minimalist Vinyl Sticker,11,,,,,,one or more variants missing SKU
excluded,9722521059666,fairy-princess-on-the-moon-wall-decal-85016,Fairy Princess on the Moon Wall Decal | Pastel Nursery Wall Art,15,,,,,,one or more variants missing SKU
excluded,9722588135762,memphis-pattern-wall-decal-colorful-86790,Memphis Pattern Wall Decal | Colorful Geometric Shape Stickers,1,,,,,,one or more variants missing SKU
excluded,9722617233746,lion-wall-decal-3d-breakthrough-lion-91095,Lion Wall Decal | 3D Breakthrough Lion Head Sticker,15,,,,,,one or more variants missing SKU
excluded,9722664976722,custom-geometric-wall-decal-01633,Custom Geometric Wall Decal | Personalized Geometric Room Design Stickers,20,,,,,,custom/personalized product excluded
excluded,9722707968338,pastel-rainbow-wall-decal-watercolor-27529,Pastel Watercolour Rainbow Wall Decal,15,,,,,,one or more variants missing SKU
excluded,9722708099410,minimalist-line-art-woman-wall-decal-31338,Minimalist Line Art Woman Wall Decal | Elegant Line Drawing Wall Sticker,13,,,,,,one or more variants missing SKU
excluded,9722777698642,globe-wall-decal-minimalist-world-map-35858,Globe Wall Decal | Minimalist World Map Black Sticker,13,,,,,,one or more variants missing SKU
excluded,9722797588818,botanical-wall-decal-tropical-leaf-and-41925,Botanical Wall Decal | Tropical Leaf and Flower Wall Sticker,15,,,,,,one or more variants missing SKU
excluded,9722797621586,usa-map-wall-decal-scenic-landscape-39201,USA Map Wall Decal | Scenic Landscape United States Map Sticker,15,,,,,,one or more variants missing SKU
excluded,9722953466194,autumn-leaves-wall-decal-set-of-25-fall-52347,Autumn Leaves Wall Decal | Set of 25 Fall Leaf Stickers,15,,,,,,one or more variants missing SKU
excluded,9723025064274,large-rainbow-butterfly-wall-decal-55839,Large Rainbow Butterfly Wall Decal | Colorful Butterfly Sticker,15,,,,,,one or more variants missing SKU
excluded,9723099873618,custom-kids-room-name-wall-decal-64697,"Custom Kids Room Name Wall Decal | Personalized Girls Room Name Sticker | Removable Boys Room Wall Decals for Nursery, Playroom Text Decor",20,,,,,,custom/personalized product excluded
excluded,9726074093906,spooky-shadow-wall-sticker-creepy-90227,Spooky Shadow Wall Sticker | Creepy Ghostly Wall Decal | Halloween Haunted House Decor | Large Scarry  Wall Sticker,15,,,,,,one or more variants missing SKU
excluded,9726498668882,black-kitchen-illustration-wall-sticker-48164,Black Kitchen Illustration Wall Sticker | Transparent Vinyl Mural,8,,,,,,one or more variants missing SKU
excluded,9730923495762,colorful-lion-headphones-wall-sticker-53660,Colorful Lion Headphones Wall Sticker | Large Thinking Lion Wall Decal | Music Lover Wall Art,14,,,,,,one or more variants missing SKU
excluded,9730923626834,black-lion-headphones-wall-sticker-59985,Black Lion Headphones Wall Sticker | Large Thinking Lion Wall Decal | Modern Music Lover Wall Art for Studio,14,,,,,,one or more variants missing SKU
excluded,9731014492498,large-angel-wings-wall-decal-minimalist-66759,Large Angel Wings Wall Decal,15,,,,,,one or more variants missing SKU
excluded,9731070951762,3d-angel-wings-wall-decal-large-62468,3D Angel Wings Wall Decal | Large Feathered Wings Wall Sticker Living Room Nursery,15,,,,,,one or more variants missing SKU
excluded,9731211362642,mushroom-wall-decals-removable-reusable-78257,Mushroom Wall Decals | Removable Reusable Forest Wall Stickers for Nursery or Kids Room,1,,,,,,one or more variants missing SKU
excluded,9731287122258,together-we-do-great-things-wall-decal-84693,Together We Do Great Things Wall Decal | Inspirational Office Wall Art for Team Motivation,260,,,,,,50 or more variants; export may be truncated
excluded,9731287253330,together-we-do-great-things-wall-decal-78450,Together We Do Great Things Wall Decal | Motivational Teamwork Wall Art,13,,,,,,one or more variants missing SKU
excluded,9731382903122,130-piece-circle-wall-decals-set-90440,130 Piece Circle Wall Decals Set | Neutral Dots Wall Stickers for Baby Room | Beige Grey Adhesive Dots Nursery Kids Room,7,,,,,,one or more variants missing SKU
excluded,9731383034194,fox-wall-decal-cute-fox-nursery-wall-97293,Cute Fox Wall Decal | Woodland Nursery Wall Sticker,14,,,,,,one or more variants missing SKU
excluded,9731448176978,elegant-fox-wall-decal-fox-nursery-wall-99363,Elegant Fox Wall Decal | Fox Nursery Wall Art | Forest Animal Wall Sticker for Baby Room or Kids Room Decor,14,,,,,,one or more variants missing SKU
excluded,9731460170066,jungle-animal-door-sticker-baby-04125,"Jungle Animal Door Sticker | Baby Giraffe, Lion, Elephant, Leopard Wall Decal",15,,,,,,one or more variants missing SKU
excluded,9731460235602,safari-animal-door-sticker-baby-05219,"Safari Animal Door Sticker | Baby Giraffe, Lion, Elephant, and Leopard Wall Decal",15,,,,,,one or more variants missing SKU
excluded,9739810963794,dreamy-castle-wall-art-sticker-fantasy-60634,"Dreamy Castle Wall Art Sticker - Fantasy Woman Portrait Vinyl Decal for Living Room, Bedroom, or Office Decor - Large Artistic Wall Mural",15,,,,,,one or more variants missing SKU
excluded,9739826954578,fantasy-castle-wall-art-sticker-vibrant-66407,"Fantasy Castle Wall Art Sticker - Vibrant Woman Portrait Vinyl Decal for Living Room, Bedroom, or Office",15,,,,,,one or more variants missing SKU
excluded,9740058591570,surreal-woman-and-fantasy-castle-wall-04096,Surreal Woman and Fantasy Castle Wall Decal | Dreamy Abstract Sticker,15,,,,,,one or more variants missing SKU
excluded,9740066718034,elegant-woman-face-wall-decal-large-07918,Elegant Woman Face Wall Decal | Large Abstract Wall Sticker,15,,,,,,one or more variants missing SKU
excluded,9740074385746,abstract-face-wall-decal-large-black-10057,Abstract Face Wall Decal | Large Black White Vinyl Wall Sticker,13,,,,,,one or more variants missing SKU
excluded,9740705694034,red-flower-branch-wall-decal-large-52753,Red Flower Branch Wall Decal | Large Sakura Vinyl Floral Sticker,15,,,,,,one or more variants missing SKU
excluded,9740705726802,bride-and-groom-silhouette-wall-decal-53697,Bride and Groom Silhouette Wall Decal | Romantic Wedding Vinyl Sticker,13,,,,,,one or more variants missing SKU
excluded,9741252690258,blue-flower-branch-wall-decal-large-49556,Blue Flower Branch Wall Decal | Floral Vinyl Sticker,15,,,,,,one or more variants missing SKU
excluded,9744522510674,growth-chart-ruler-vinyl-wall-decal-diy-12895,Growth Chart Ruler Wall Decal with 27 Arrow Markers,6,,,,,,one or more variants missing SKU
excluded,9744534634834,inches-growth-chart-ruler-vinyl-wall-30438,"Growth Chart Ruler Wall Decal | Feet, Inches or Centimeters",6,,,,,,one or more variants missing SKU
excluded,9744554983762,centimeters-growth-chart-ruler-vinyl-wall-47504,"Growth Chart Ruler Wall Decal | Feet, Inches or Centimeters",6,,,,,,one or more variants missing SKU
excluded,9760462078290,t-rex-dinosaur-wall-sticker-decal-68562,"T-Rex Dinosaur Wall Sticker Decal | Fierce 3D Dine Mural | Realistic Dinosaur Wall Art for Kids Room, Bold 3D Effect Wall Sticker Man Cave",14,,,,,,one or more variants missing SKU
excluded,9760462143826,winter-forest-wall-sticker-decal-deer-67001,Winter Forest Wall Sticker Decal | Deer & Mountain Landscape Mural | Nature Wall Art,14,,,,,,one or more variants missing SKU
excluded,9760941211986,orange-black-lion-portrait-wall-decal,Orange and Black Lion Portrait Wall Decal | Vinyl Sticker,14,,,,,,one or more variants missing SKU
excluded,9760958513490,abstract-lion-orange-black-wall-decal,Abstract Lion Wall Decal | Orange and Black Vinyl Sticker,14,,,,,,one or more variants missing SKU
excluded,9760958546258,fragmented-orange-lion-portrait-wall-decal,Fragmented Orange Lion Portrait Wall Decal | Vinyl Sticker,14,,,,,,one or more variants missing SKU
excluded,9760981320018,fiery-tiger-wall-sticker-decal-bold-3d-46670,"Fiery Tiger Wall Sticker Decal | Bold 3D Tiger Mural Art | Intense Animal Wall Decor for Living Room, Office, Bedroom, Safari Accent",14,,,,,,one or more variants missing SKU
excluded,9761001603410,angry-tiger-wall-decal-fiery-3d-tiger-48004,"Angry Tiger Wall Decal | Fiery 3D Tiger Face Mural Art | Intense Animal Wall Sticker Decor for Living Room, Office, Bedroom, Safari Accent",14,,,,,,one or more variants missing SKU
excluded,9761001668946,golden-tiger-wall-sticker-decal-regal-49512,"Golden Tiger Wall Sticker Decal | Regal 3D Tiger Mural Art | Elegant Animal Wall Decor for Living Room, Office, Bedroom, Nature Accent",14,,,,,,one or more variants missing SKU
excluded,9761001701714,majestic-tiger-wall-sticker-decal-49667,"Majestic Tiger Wall Sticker Decal | Golden 3D Tiger Profile Mural Art | Elegant Animal Wall Decor for Living Room, Office, Nature Accent",14,,,,,,one or more variants missing SKU
excluded,9761004618066,celestial-wolf-wall-decal-3d-cosmic-55028,"Celestial Wolf Wall Decal | 3D Cosmic Wolf Mural Art | Mystical Animal Wall Sticker Decor for Living Room, Bedroom, Nature-Inspired Accent",14,,,,,,one or more variants missing SKU
excluded,9761004650834,mystical-wolf-wall-sticker-cosmic-3d-53672,"Mystical Wolf Wall Sticker | Cosmic 3D Wolf Mural Art | Celestial Animal Wall Decal Decor for Living Room, Bedroom, Nature-Inspired Accent",14,,,,,,one or more variants missing SKU
excluded,9778891161938,personalized-birthday-wall-decal-97216,Personalized Birthday Wall Decal | Customizable Party Sticker Decoration,15,,,,,,custom/personalized product excluded
excluded,9778943492434,elephant-birthday-wall-sticker-21960,Elephant Birthday Wall Sticker | Customizable Kids Party Decal Decor,15,,,,,,one or more variants missing SKU
excluded,9778943885650,space-adventure-birthday-wall-decal-23646,Space Adventure Birthday Wall Decal | Customizable Astronaut Party Sticker Decor,15,,,,,,one or more variants missing SKU
excluded,9780022673746,pink-teddy-bear-christmas-tree-wall-decal-61621,Pink Teddy Bear Christmas Tree Wall Decal | Personalized Holiday Sticker,15,,,,,,custom/personalized product excluded
excluded,9780027523410,pink-christmas-tree-wall-decal-67186,Pink Christmas Tree Wall Decal | Customizable Holiday Wall Sticker,15,,,,,,one or more variants missing SKU
excluded,9780027588946,blue-and-silver-christmas-tree-wall-decal-65856,Blue and Silver Christmas Tree Wall Decal | Interactive Holiday Wall Sticker,15,,,,,,one or more variants missing SKU
excluded,9784996692306,bird-wall-decal-nature-inspired-wall-15157,Bird Wall Decal | Nature-Inspired Wall Art,15,,,,,,one or more variants missing SKU
excluded,9785181634898,autumn-bird-wall-decal-fall-decor-wall-39144,Autumn Bird Wall Decal | Fall Decor Wall Art,15,,,,,,one or more variants missing SKU
excluded,9785566593362,classic-santa-claus-wall-mural-rustic-34058,Classic Santa Claus Wall Decal | Rustic Christmas Art,15,,,,,,one or more variants missing SKU
excluded,9788097462610,princess-castle-wall-sticker-pink-59250,Princess Castle Wall Sticker | Pink Castle Nursery Décor,15,,,,,,one or more variants missing SKU
excluded,9862292373842,hot-air-balloon-wall-decals-whimsical-13796,Hot Air Balloon Wall Decals | Whimsical Nursery Decor,1,,,,,,one or more variants missing SKU
excluded,9862327271762,tropical-bird-wall-decals-flamingo-and-23693,Tropical Bird Wall Decals | Flamingo and Parrot Nursery Decor | Colorful Jungle-Themed Stickers,1,,,,,,one or more variants have no reliably parsed size
excluded,9862327304530,whale-wall-decals-for-kids-underwater-24767,Whale Wall Decals for Kids | Underwater Themed Nursery Decor | Cute Ocean Animals and Coral Stickers,1,,,,,,one or more variants have no reliably parsed size
excluded,9862334382418,cloud-and-star-wall-decals-cute-kids-27554,Cloud and Star Wall Decals | Cute Kids Room Decor | Removable Sky-Themed Stickers,1,,,,,,one or more variants have no reliably parsed size
excluded,9862341460306,beautiful-girl-wall-decal-floral-31669,Beautiful Girl Wall Decal | Floral Silhouette Vinyl Sticker,15,,,,,,one or more variants missing SKU
excluded,9862351487314,personalized-bunny-wall-decal-floral-33071,Personalized Bunny Wall Decal | Floral Monogram Letter A Nursery Decor,15,,,,,,custom/personalized product excluded
excluded,9862361612626,world-map-wall-decal-modern-black-vinyl-34953,World Map Wall Decal | Modern Black Vinyl Map Sticker,18,,,,,,one or more variants missing SKU
excluded,9867996594514,red-black-dragon-wing-wall-decal-design,Red and Black Dragon Wing Wall Decal | Vinyl Sticker,14,,,,,,one or more variants missing SKU
excluded,9868003606866,red-black-dragon-emblem-wall-decal,Red and Black Dragon Emblem Wall Decal | Vinyl Sticker,14,,,,,,one or more variants missing SKU
excluded,9868003639634,red-black-dragon-wing-wall-decal,Red and Black Dragon Wing Wall Decal | Fantasy Vinyl Sticker,14,,,,,,one or more variants missing SKU
excluded,9868011209042,red-black-winged-dragon-wall-decal,Red and Black Winged Dragon Wall Decal | Vinyl Sticker,14,,,,,,one or more variants missing SKU
excluded,9873161486674,weeping-willow-tree-wall-sticker-99924,Weeping Willow Tree Wall Decal | Large Nursery Mural,8,,,,,,one or more variants missing SKU
excluded,9881105563986,leafy-branch-wall-decal-sticker-green-53050,Leafy Branch Wall Decal Sticker | Green Leaf Wall Decor,1,,,,,,one or more variants missing SKU
excluded,9881105629522,hanging-vine-wall-decal-sticker-green-54623,Hanging Vine Wall Decal Sticker | Green Leaf Wall Decor,1,,,,,,one or more variants missing SKU
excluded,9881105662290,botanical-wall-decal-sticker-green-leaf-49530,Large Green Leaf Botanical Wall Decal,1,,,,,,one or more variants missing SKU
excluded,9881116836178,climbing-vine-wall-decal-sticker-57382,Climbing Vine Wall Decal Sticker | Vertical Leaf Wall Decor,1,,,,,,one or more variants missing SKU
excluded,9881116868946,vertical-leaf-wall-decal-sticker-green-55596,Vertical Leaf Wall Decal Sticker | Green Branch Decor,1,,,,,,one or more variants missing SKU
excluded,9881116967250,cascading-leaf-wall-decal-sticker-large-54502,Cascading Green Leaf Wall Decal,1,,,,,,one or more variants missing SKU
excluded,9882662469970,cute-elephant-wall-decal-nursery-animal-47579,Cute Elephant Wall Decal | Nursery Animal Wall Sticker Art,14,,,,,,one or more variants missing SKU
excluded,9882662535506,moon-and-stars-wall-decal-sticker-set-46949,Moon and Stars Wall Decal Sticker Set | Celestial Nursery Wall Art,14,,,,,,one or more variants missing SKU
excluded,9882669810002,cute-cat-wall-decal-set-cartoon-animal-49989,Cute Cat Wall Decal Set | Cartoon Animal Sticker Art for Kids Room,1,,,,,,one or more variants missing SKU
excluded,9882676887890,colorful-town-wall-decal-whimsical-52083,Colorful Town Wall Decal | Whimsical Cityscape Nursery Wall Sticker Art,1,,,,,,one or more variants missing SKU
excluded,9882676953426,white-horse-breakthrough-wall-decal,3D White Horse Wall Decal | Breakthrough Animal Sticker,14,,,,,,one or more variants missing SKU
excluded,9882683998546,colorful-polka-dot-wall-decal-set-52100,Colorful Polka Dot Wall Decal Set | Playful Kids Room Wall Sticker Decor,1,,,,,,one or more variants missing SKU
excluded,9882684031314,stylized-female-face-wall-decal-modern-51218,Stylized Female Face Wall Decal | Modern Art Wall Sticker Decor,12,,,,,,one or more variants missing SKU
excluded,9882691633490,vertical-rose-wall-decal-elegant-floral-56051,Vertical Rose Wall Decal | Elegant Floral Wall Sticker Art,12,,,,,,one or more variants missing SKU
excluded,9882691666258,geometric-deer-wall-decal-modern-animal-53214,Geometric Deer Wall Decal | Modern Animal Wall Sticker Art,12,,,,,,one or more variants missing SKU
excluded,9882698383698,football-player-wall-decal-sports-wall-56050,American Football Player Wall Decal,12,,,,,,one or more variants missing SKU
excluded,9882698449234,three-rose-wall-decal-sticker-elegant-54674,Three-Rose Wall Decal Sticker | Elegant Floral Wall Art,12,,,,,,one or more variants missing SKU
excluded,9882789085522,floral-woman-wall-decal-elegant-67550,Floral Woman Wall Decal | Elegant Artistic Wall Sticker Art | Removable Silhouette Wall Sticker Living Room or Bedroom,14,,,,,,one or more variants missing SKU
excluded,9882798260562,fairy-tale-castle-wall-sticker-princess-71231,Fairy Tale Castle Wall Sticker | Princess Castle Wall Decal Art | Removable Kids Room Wall Sticker Nursery or Playroom,13,,,,,,one or more variants missing SKU
excluded,9882798293330,dinosaur-wall-decal-set-cute-kids-room-68582,Dinosaur Wall Decal Set | Cute Kids Room Wall Sticker Art | Removable Dinosaur Wall Sticker Playroom Nursery,13,,,,,,one or more variants missing SKU
excluded,9883108802898,smiling-sun-wall-decal-sticker-32724,Smiling Sun and Clouds Nursery Wall Decal,13,,,,,,one or more variants missing SKU
excluded,9887422611794,cactus-wall-decal-sticker-watercolor-06901,Cactus Wall Decal Sticker | Watercolor Cactus Garden Wall Decal Art | Removable Desert Plant Wall Sticker Living Room or Office,2,,,,,,one or more variants missing SKU
excluded,9887444631890,branch-and-leaves-wall-decal-elegant-11405,Branch and Leaves Wall Decal | Large Botanical Sticker,2,,,,,,one or more variants missing SKU
excluded,9891098165586,blue-gecko-breakthrough-wall-decal,3D Blue Gecko Wall Decal | Reptile Breakthrough Sticker,14,,,,,,one or more variants missing SKU
excluded,9891098198354,red-blue-dragon-watercolor-wall-decal,Red and Blue Dragon Wall Decal | Watercolor Vinyl Sticker,14,,,,,,one or more variants missing SKU
excluded,9891131883858,fantasy-dragon-eyes-wall-decal,Fantasy Dragon Eyes Wall Decal | 3D Crack Illusion Sticker,14,,,,,,one or more variants missing SKU
excluded,9891145777490,raptor-sunglasses-wall-decal-design-1,3D Cool Raptor Wall Decal with Wooden Sunglasses | Design 1,14,,,,,,one or more variants missing SKU
excluded,9891145810258,raptor-sunglasses-wall-decal-design-3,3D Cool Raptor Wall Decal with Sunglasses | Design 3,14,,,,,,one or more variants missing SKU
excluded,9891145908562,raptor-sunglasses-wall-decal-design-2,3D Cool Raptor Wall Decal with Sunglasses | Design 2,14,,,,,,one or more variants missing SKU
excluded,9891156001106,beautiful-mermaid-wall-decal-colorful-58313,Beautiful Mermaid Wall Decal | Colorful 3D Ocean Theme Sticker,14,,,,,,one or more variants missing SKU
excluded,9910888694098,floral-wall-decal-watercolor-flower-90455,Floral Wall Decal | Watercolor Flower Wall Sticker,14,,,,,,one or more variants missing SKU
excluded,9910888759634,minimalist-floral-wall-decal-boho-86744,Minimalist Floral Wall Decal | Boho Botanical Wall Art,14,,,,,,one or more variants missing SKU
excluded,9910896165202,surreal-woman-face-cracked-wall-decal,3D Surreal Woman Face Wall Decal | Cracked Wall Illusion,14,,,,,,one or more variants missing SKU
excluded,9910902489426,bird-on-branch-wall-decal-minimalist-98461,Bird on Branch Wall Decal | Minimalist Nature Vinyl Sticker,12,,,,,,one or more variants missing SKU
excluded,9910908453202,cherry-blossom-wall-decal-elegant-03520,Cherry Blossom Branch Wall Decal,28,,,,,,one or more variants missing SKU
excluded,9910908485970,coffee-cup-wall-decal-minimalist-coffee-01012,Coffee Cup Wall Decal | Minimalist Cafe Sticker,12,,,,,,one or more variants missing SKU
excluded,9910917071186,cherry-blossom-wall-decal-asian-lantern-08834,Cherry Blossom Wall Decal | Asian Lantern Tree Branch Vinyl Sticker,14,,,,,,one or more variants missing SKU
excluded,9910917103954,chinoiserie-blossom-wall-decal-elegant-07903,Chinoiserie Blossom Tree Wall Decal,14,,,,,,one or more variants missing SKU
excluded,9910917136722,chinoiserie-tree-wall-decal-elegant-06466,Chinoiserie Tree Wall Decal | Elegant Floral Vinyl Mural,14,,,,,,one or more variants missing SKU
excluded,9910917169490,ballerina-wall-decal-elegant-ballet-04656,Ballerina Wall Decal | Elegant Ballet Dancer Vinyl Sticker,14,,,,,,one or more variants missing SKU
excluded,9910966747474,boho-floral-wall-decal-watercolor-22821,Boho Floral Wall Decal | Watercolor Flower Vinyl Sticker,14,,,,,,one or more variants missing SKU
excluded,9911542251858,large-tree-wall-decal-nature-inspired-48434,Large Tree Wall Decal | Nature-Inspired Vinyl Mural,14,,,,,,one or more variants missing SKU
excluded,9911542284626,whale-wall-decal-ocean-theme-nursery-45711,Whale Wall Decal | Ocean Theme Nursery Vinyl Sticker,14,,,,,,one or more variants missing SKU
excluded,9911551197522,plum-blossom-wall-decal-chinese-sakura-50646,Plum Blossom Wall Decal | Chinese Sakura Branch Vinyl Sticker,14,,,,,,one or more variants missing SKU
excluded,9911577346386,lion-cracked-wall-decal,3D Lion Wall Decal | Cracked Wall Safari Design,14,,,,,,one or more variants missing SKU
excluded,9911577477458,horse-fiery-cracked-wall-decal,3D Horse Wall Decal | Fiery Cracked Rock Design,14,,,,,,one or more variants missing SKU
excluded,9911681548626,minimalist-black-branch-wall-decal-59118,Minimalist Black Branch Wall Decal | Large Tree Wall Sticker,8,,,,,,one or more variants missing SKU
excluded,9911681679698,watercolor-citrus-wall-decal-orange-58604,Watercolor Citrus Wall Decal | Orange Branch Peel & Stick Wallpaper,8,,,,,,one or more variants missing SKU
excluded,9911788798290,custom-chalkboard-vinyl-wall-decal-59049,Custom Chalkboard Wall Decal | Writable Vinyl,19,,,,,,custom/personalized product excluded
excluded,9911860461906,custom-chalkboard-wall-decal-kids-62194,Custom Chalkboard Wall Decal,19,,,,,,custom/personalized product excluded
excluded,9919736807762,colorful-cat-wall-decal-neon-feline-07639,Colorful Cat Wall Decal | Neon Feline Vinyl Sticker,14,,,,,,one or more variants missing SKU
excluded,9919736840530,wolf-wall-decal-artistic-pencil-sketch-09688,Wolf Wall Decal | Artistic Pencil Sketch Vinyl Mural,14,,,,,,one or more variants missing SKU
excluded,9919736873298,botanical-vine-wall-decal-green-leaf-08398,Botanical Vine Wall Decal | Green Leaf Vinyl Mural,14,,,,,,one or more variants missing SKU
excluded,9919743623506,green-leaf-wall-decal-large-botanical-08979,Green Leaf Wall Decal | Large Botanical Vine Mural,8,,,,,,one or more variants missing SKU
excluded,9919743656274,gradient-world-map-wall-decal-large-11246,World Map Wall Decal | Large Colorful Vinyl Map Sticker,14,,,,,,one or more variants missing SKU
excluded,9922932113746,large-tree-wall-decal-elegant-botanical-57841,Large Tree Wall Decal | Elegant Botanical Vinyl Mural,4,,,,,,one or more variants missing SKU
excluded,9922932146514,large-tree-wall-decal-elegant-nature-56499,Large Tree Wall Decal | Elegant Nature Inspired Vinyl Mural,4,,,,,,one or more variants missing SKU
excluded,9935471116626,black-panther-wall-decal-cool-big-cat-72464,Black Panther Wall Decal | Cool Big Cat Mural with Sunglasses,14,,,,,,one or more variants missing SKU
excluded,9935471149394,black-panther-wall-decal-cool-big-cat-71458,Black Panther Wall Decal | Cool Big Cat Mural with Sunglasses,14,,,,,,one or more variants missing SKU
excluded,9935480029522,black-panther-wall-decal-cool-big-cat-67889,Black Panther Wall Decal | Cool Big Cat Mural with Sunglasses,14,,,,,,one or more variants missing SKU
excluded,9935489761618,black-panther-wall-decal-cool-big-cat-78444,Black Panther Wall Decal | Cool Big Cat Vinyl Sticker with Sunglasses,14,,,,,,one or more variants missing SKU
excluded,9935489794386,black-panther-wall-decal-cool-big-cat-70327,Black Panther Wall Decal | Cool Big Cat with Sunglasses Vinyl Mural,14,,,,,,one or more variants missing SKU
excluded,9935502278994,fantasy-elf-cracked-wall-decal,3D Fantasy Elf Wall Decal | Blue-Eyed Cracked Wall Portrait,14,,,,,,one or more variants missing SKU
excluded,9935502311762,mermaid-wall-decal-fantasy-underwater-73097,Mermaid Wall Decal | Fantasy Underwater Decor,14,,,,,,one or more variants missing SKU
excluded,9942428844370,magical-fairy-wall-decal-glowing-15191,Magical Fairy Wall Decal | Glowing Butterfly Wings Sticker,14,,,,,,one or more variants missing SKU
excluded,9942428877138,enchanted-fairy-wall-decal-elegant-22314,Enchanted Fairy Wall Decal | Elegant Butterfly Wings Sticker,14,,,,,,one or more variants missing SKU
excluded,9942552510802,magical-fairy-wall-decal-glowing-24045,Magical Fairy Wall Decal | Glowing Butterfly Wings Sticker,14,,,,,,one or more variants missing SKU
excluded,9942598287698,dark-fantasy-horned-character-wall-decal,Dark Fantasy Horned Character Wall Decal | Vinyl Portrait Sticker,14,,,,,,one or more variants missing SKU
excluded,9942598386002,fantasy-horned-character-wall-decal,Fantasy Horned Character Wall Decal | Dark Portrait Vinyl Sticker,14,,,,,,one or more variants missing SKU
excluded,9942598418770,magical-fairy-wall-decal-glowing-34342,Fantasy Demon Girl Wall Decal | White Haired Horned Woman Mural Dark Aesthetic Vinyl Sticker,14,,,,,,one or more variants missing SKU
excluded,9942598517074,gothic-vampire-wall-decal-dark-fantasy-24821,Gothic Vampire Wall Decal | Dark Fantasy Woman Sticker,14,,,,,,one or more variants missing SKU
excluded,10034275418450,watercolor-space-wall-decals-planet-95460,Watercolor Space Wall Decals | Planet Rocket Nursery Wall Stickers,1,,,,,,one or more variants missing SKU
excluded,10034289705298,solar-system-wall-decals-xxl-space-wall-98394,Solar System Wall Decals XXL | Space Wall Sticker Kids Room,1,,,,,,one or more variants missing SKU
excluded,10034289770834,rocket-space-wall-decals-for-kids-77289,Rocket Space Wall Decals for Kids | Watercolor Planet Wall Stickers,1,,,,,,one or more variants missing SKU
excluded,10034334531922,bright-space-wall-decals-for-kids-room-99560,Bright Space Wall Decals for Kids Room | Watercolor Planet & Rocket Stickers,1,,,,,,one or more variants missing SKU
excluded,10034379882834,motivational-gym-wall-decal-fitness-08710,Motivational Gym Wall Decal | Fitness Quote Wall Sticker,12,,,,,,one or more variants missing SKU
excluded,10034397348178,gym-motivation-wall-decal-push-harder-92665,Gym Motivation Wall Decal | Push Harder Than Yesterday Quote,12,,,,,,one or more variants missing SKU
excluded,10034397380946,gym-quote-wall-decal-greatness-is-91333,Gym Quote Wall Decal | Greatness Is Earned Never Given,12,,,,,,one or more variants missing SKU
excluded,10035430195538,boho-floral-wall-decals-for-nursery-05362,Boho Floral Wall Decals for Nursery | Removable Flower Wall Stickers,1,,,,,,one or more variants missing SKU
excluded,10035457753426,sunflower-wall-decal-floral-line-art-96463,Sunflower Wall Decal | Floral Line Art Wall Sticker Decor,12,,,,,,one or more variants missing SKU
excluded,10038122283346,flower-wall-decals-boho-nursery-decor-61570,Flower Wall Decals | Boho Nursery Decor,5,,,,,,one or more variants missing SKU
excluded,10038133424466,modern-arch-wall-decal-minimalist-46023,Modern Arch Wall Decal | Minimalist Removable Bed Backdrop,12,,,,,,one or more variants missing SKU
excluded,10038142861650,pastel-rainbow-wall-decal-watercolor-52115,Pastel Watercolour Rainbow Wall Decal,15,,,,,,one or more variants missing SKU
excluded,10039212605778,safari-animal-wall-decal-jungle-nursery-09789,Safari Animal Wall Decal | Jungle Nursery Wall Sticker,15,,,,,,one or more variants missing SKU
excluded,10053832868178,unicorn-wall-decals-removable-nursery-66983,Unicorn Wall Decals | Removable Nursery Stickers,1,,,,,,one or more variants missing SKU
excluded,10053832900946,ocean-animal-wall-decals-under-the-sea-65631,Ocean Animal Wall Decals | Under the Sea Wall Stickers,1,,,,,,one or more variants missing SKU
excluded,10053838864722,goose-wall-decals-removable-nursery-64982,Goose Wall Decals | Removable Nursery Stickers,1,,,,,,one or more variants missing SKU
excluded,10059778359634,magnolia-wall-decal-floral-wall-sticker-28759,Magnolia Wall Decal | Floral Wall Sticker,12,,,,,,one or more variants missing SKU
excluded,10063359967570,gorilla-wall-decal-jungle-safari-wall-07851,Gorilla Jungle Wall Decal,15,,,,,,one or more variants missing SKU
excluded,10069815853394,t-rex-dinosaur-wall-decal-3d-14305,T-Rex Wall Decal with 3D Visual Effect,15,,,,,,one or more variants missing SKU
excluded,10069815886162,3d-t-rex-wall-decal-realistic-dinosaur-08348,3D T-Rex Wall Decal | Realistic Dinosaur Breakthrough Wall Sticker,15,,,,,,one or more variants missing SKU
excluded,10069826502994,t-rex-3d-wall-decal-for-kids-room-15661,Roaring T-Rex Wall Decal with 3D Visual Effect,15,,,,,,one or more variants missing SKU
excluded,10071405003090,3d-t-rex-wall-decal-dinosaur-breaking-75469,3D T-Rex Wall Decal | Dinosaur Breaking Wall Sticker,15,,,,,,one or more variants missing SKU
excluded,10071407460690,t-rex-wall-decal-for-kids-room-3d-74952,T-Rex Wall Decal for Kids Room | 3D Dinosaur Wall Sticker,15,,,,,,one or more variants missing SKU
excluded,10071411229010,colorful-pitbull-wall-decal-large-dog-83833,Colorful Pitbull Wall Decal | Large Dog Face Vinyl Sticker,15,,,,,,one or more variants missing SKU
excluded,10071414145362,colorful-pitbull-wall-decal-modern-dog-86237,Colorful Pitbull Wall Decal | Modern Dog Art Mural,15,,,,,,one or more variants missing SKU
excluded,10074209354066,gamer-wall-decal-video-game-controller-07919,Gamer Wall Decal | Video Game Controller Wall Sticker,12,,,,,,one or more variants missing SKU
excluded,10074222657874,half-mandala-wall-decal-yoga-studio-12256,Half Mandala Wall Decal | Yoga Studio Wall Sticker,12,,,,,,one or more variants missing SKU
excluded,10074261455186,large-half-sun-wall-decal-boho-nursery-23623,Large Half Sun Wall Decal | Boho Nursery Wall Art,12,,,,,,one or more variants missing SKU
excluded,10077963452754,smiling-half-sun-wall-decal-cute-67409,Smiling Half Sun Wall Decal | Cute Nursery Wall Art,12,,,,,,one or more variants missing SKU
excluded,10078032724306,smiling-sun-wall-decal-happy-sunshine-88483,Smiling Sun Wall Decal | Happy Sunshine Wall Sticker for Nursery or Kids Room,12,,,,,,one or more variants missing SKU
excluded,10078032789842,minimalist-sun-wall-decal-boho-half-sun-91168,Minimalist Sun Wall Decal | Boho Half Sun Wall Art for Nursery or Kids Room,12,,,,,,one or more variants missing SKU
excluded,10079748653394,gold-floral-line-art-wall-decal-11966,Gold Floral Corner Wall Decal,12,,,,,,one or more variants missing SKU
excluded,10079756452178,gold-botanical-wall-decal-minimalist-11699,Gold Botanical Wall Decal | Minimalist Line Art Flower Sticker,12,,,,,,one or more variants missing SKU
excluded,10079765659986,gold-flower-wall-decal-botanical-line-15197,Gold Flower Wall Decal | Large Botanical Line Art Sticker,12,,,,,,one or more variants missing SKU
excluded,10079765692754,gold-floral-corner-wall-decal-16732,Gold Wall Decal | Floral Corner Line Art Sticker,12,,,,,,one or more variants missing SKU
excluded,10091418583378,farm-tractor-wall-decal-hay-bales-farm-83606,Farm Tractor and Hay Bales Wall Decal,15,,,,,,one or more variants missing SKU
excluded,10091426709842,farm-tractor-wall-decal-with-hay-bale-85628,Farm Tractor Wall Decal with Hay Bale Trailer | Nursery Wall Sticker Set with Fence & Trees,15,,,,,,one or more variants missing SKU
excluded,10091426742610,farm-tractor-wall-decal-set-tractor-and-84658,Farm Tractor Wall Decal Set | Tractor and Hay Trailer Sticker,15,,,,,,one or more variants missing SKU
excluded,10093535822162,robot-barcode-wall-decal-graffiti-robot-28876,Robot Barcode Wall Decal | Graffiti Robot Art,12,,,,,,one or more variants missing SKU
excluded,10143351210322,large-vine-leaves-wall-decal-botanical-85382,Large Vine Leaves Wall Decal | Botanical Wall Sticker,1,,,,,,one or more variants missing SKU
excluded,10143356617042,vertical-vine-leaf-wall-decal-botanical-89914,Vertical Vine Leaf Wall Decal | Botanical Wall Sticker with No Background,1,,,,,,one or more variants missing SKU
excluded,10143356649810,tall-vine-leaf-wall-decal-no-background-88031,Tall Vine Leaf Wall Decal | No Background Botanical Sticker,1,,,,,,one or more variants missing SKU
excluded,10147045310802,anime-girl-wall-decal-cool-anime-wall-07652,Anime Girl Wall Decal | Cool Anime Wall Art,15,,,,,,one or more variants missing SKU
excluded,10147056058706,anime-wall-decal-male-character-cool-12617,Anime Wall Decal Male Character | Cool Manga Style Wall Art,15,,,,,,one or more variants missing SKU
excluded,10149499896146,watercolor-tulip-wall-decal-botanical-90426,Watercolor Tulip Wall Decal | Botanical Flower Wall Sticker,15,,,,,,one or more variants missing SKU
excluded,10149499928914,red-tulip-wall-decal-watercolor-flower-85763,Red Tulip Wall Decal | Watercolor Flower Wall Sticker,15,,,,,,one or more variants missing SKU
excluded,10156089540946,fairy-ballerina-wall-decal-princess-on-73335,Fairy Ballerina Wall Decal | Princess on the Moon Sticker,15,,,,,,one or more variants missing SKU
excluded,10156126634322,illustrated-white-haired-character-wall-decal,Illustrated White-Haired Character Wall Decal | Vinyl Sticker,15,,,,,,one or more variants missing SKU
excluded,10156149604690,stylish-woman-wall-decal-pop-art-wall-82290,Stylish Woman Wall Decal | Pop Art Wall Sticker,15,,,,,,one or more variants missing SKU
excluded,10156149637458,cool-girl-wall-decal-anime-wall-art-78489,Cool Girl Wall Decal | Anime Wall Art,15,,,,,,one or more variants missing SKU
excluded,10168703975762,winter-tree-wall-decal-large-leafless-39688,Winter Tree Wall Decal | Large Leafless Tree Wall Sticker,12,,,,,,one or more variants missing SKU
excluded,10170330317138,watercolor-flower-wall-decals-botanical-87648,24-Piece Watercolour Flower Wall Decal Set,1,,,,,,already imported batch 001
excluded,10170349683026,24x-watercolor-floral-wall-decals-93285,24x Watercolor Floral Wall Decals | Pastel Wildflower Stickers | Boho Nursery Decor,1,,,,,,already imported batch 001
excluded,10179502309714,giant-bunny-wall-decal-with-flowers-55299,Giant Bunny Wall Decal with Flowers | Boho Nursery Animal Mural,15,,,,,,one or more variants missing SKU
excluded,10179507323218,elephant-wall-decal-for-nursery-cute-51234,Elephant Wall Decal for Nursery | Cute Baby Elephant Sticker,15,,,,,,one or more variants missing SKU
excluded,10179512238418,floral-line-art-wall-decal-boho-54492,Floral Line Art Wall Decal | Boho Botanical Wall Sticker,15,,,,,,one or more variants missing SKU
excluded,10189776978258,pink-peony-wall-mural-large-floral-wall-87827,Pink Peony Wall Mural | Large Floral Vinyl Decal,15,,,,,,one or more variants missing SKU
excluded,10189777043794,cute-unicorn-wall-decal-pastel-cartoon-88704,Cute Unicorn Wall Decal | Pastel Cartoon Unicorn Wall Sticker for Girls' Nursery or Bedroom,15,,,,,,one or more variants missing SKU
excluded,10189851590994,30x-ocean-wave-wall-decals-coastal-98092,30x Ocean Wave Wall Decals | Coastal Nursery Wall Stickers | Removable Nautical Wall Decor for Kids Room or Beach House,1,,,,,,already imported batch 001
excluded,10246256197970,jungle-animal-wall-decals-for-nursery-05194,Jungle Animal Wall Decals for Nursery | Safari Animal Wall Stickers,1,,,,,,one or more variants missing SKU
excluded,10249308373330,cute-cat-wall-decal-flower-cat-vinyl-13892,Cute Cat Wall Decal | Flower Cat Vinyl Sticker,12,,,,,,one or more variants missing SKU
excluded,10249321349458,cool-cat-wall-decal-cat-with-sunglasses-20330,Cool Cat Wall Decal | Cat with Sunglasses Sticker,15,,,,,,one or more variants missing SKU
excluded,10250715562322,manul-cat-with-sunglasses-pallas-cat-54779,Manul Cat with Sunglasses | Pallas Cat Wall Decal,15,,,,,,one or more variants missing SKU
excluded,10250715595090,pallas-cat-wall-decal-manul-cat-with-43352,Pallas Cat Wall Decal | Manul Cat with Sunglasses,15,,,,,,one or more variants missing SKU
excluded,10250722476370,pallas-cat-wall-decal-manul-cat-with-56765,Pallas Cat Wall Decal | Manul Cat with Sunglasses,15,,,,,,one or more variants missing SKU
excluded,10271542477138,cat-on-tree-branch-wall-decal-vinyl-cat-57080,Cat on Tree Branch Wall Decal | Vinyl Cat and Birds Sticker,12,,,,,,one or more variants missing SKU
excluded,10271552176466,cat-on-tree-branch-wall-decal-vinyl-cat-62472,Cat on Tree Branch Wall Decal | Vinyl Cat and Birds Sticker,12,,,,,,one or more variants missing SKU
excluded,10271558664530,pallas-cat-eyes-wall-decal-manul-eyes-75639,Pallas Cat Eyes Wall Decal | Manul Eyes Vinyl Sticker,240,,,,,,50 or more variants; export may be truncated
excluded,10271558697298,pallas-cat-wall-decal-manul-cat-with-64422,Cat Face Wall Decal | Large Cat Eyes Vinyl Sticker,15,,,,,,one or more variants missing SKU
excluded,10272266289490,nursery-wall-decal-set-bunny-on-moon-19749,"Nursery Wall Decal Set | Bunny on Moon, Bear on Cloud, Stars and Clouds Stickers",1,,,,,,one or more variants missing SKU
excluded,10272297910610,floral-wall-decal-set-outline-flower-16222,Floral Wall Decal Set | Outline Flower and Leaves Stickers,20,,,,,,one or more variants missing SKU
excluded,10276721918290,pallas-cat-wall-decal-realistic-manul-78091,Pallas Cat Wall Decal | Realistic Manul Face Vinyl Sticker | Wildlife Animal Wall Art,13,,,,,,one or more variants missing SKU
excluded,10276726243666,pallas-cat-wall-decal-manul-face-vinyl-81213,Pallas Cat Wall Decal | Manul Face Vinyl Sticker | Realistic Animal Wall Art,13,,,,,,one or more variants missing SKU
excluded,10276726276434,pallas-cat-wall-decal-realistic-manul-72102,Pallas Cat Wall Decal | Realistic Manul on Rock Vinyl Sticker | Wildlife Wall Art for Living Room,13,,,,,,one or more variants missing SKU
excluded,10276726309202,pallas-cat-wall-decal-manul-kids-room-69902,Pallas Cat Wall Decal | Manul Kids Room Vinyl Sticker | Illustrated Animal Wall Art,13,,,,,,one or more variants missing SKU
excluded,10276778213714,bird-on-branch-wall-decal-watercolor-83861,Bird on Branch Wall Decal | Watercolor Vinyl Sticker,30,,,,,,one or more variants missing SKU
excluded,10278861603154,bird-on-branch-wall-decal-watercolor-74744-b06v,Bird on Branch Wall Decal | Watercolor Style Vinyl Sticker,30,,,,,,one or more variants missing SKU
excluded,10281039069522,colorful-cat-wall-decal-watercolor-62481,Colorful Cat Wall Decal | Watercolor Style Vinyl Sticker,30,,,,,,one or more variants missing SKU
excluded,10281056600402,cat-face-wall-decal-two-tone-watercolor-65731,Cat Face Wall Decal | Two-Tone Watercolor Cat Sticker,15,,,,,,one or more variants missing SKU
excluded,10281056633170,cat-wall-decal-blue-eyed-ginger-cat-65342,Blue-Eyed Ginger Cat Watercolour Wall Decal,30,,,,,,one or more variants missing SKU
excluded,10281061450066,calico-cat-wall-decal-blue-eyed-72433,Calico Cat Wall Decal – Blue Eyed Domestic Shorthair Cat Sticker – Abstract Watercolor Style Vinyl Art – Colorful Wall Mural for Home Decor,30,,,,,,one or more variants missing SKU
excluded,10281067839826,siamese-cat-wall-decal-blue-eyed-cat-71866,Siamese Cat Wall Decal – Blue Eyed Cat Face Vinyl Sticker – Watercolor Style Animal Mural – Colorful Wall Art for Living Room or Bedroom,15,,,,,,one or more variants missing SKU
excluded,10300411412818,abstract-botanical-wall-decal-colorful-06777,Abstract Botanical Wall Decal Set | Colorful Mural,1,,,,,,one or more variants missing SKU
excluded,10300419998034,abstract-leaf-wall-decal-modern-20767,Modern Wall Decal | Abstract Botanical Leaf Mural,1,,,,,,one or more variants missing SKU
excluded,10300426682706,hanging-plant-wall-decal-botanical-27523,Hanging Plant Wall Decal | Botanical Circle Wall Art,1,,,,,,one or more variants missing SKU
excluded,10464228082002,cute-cat-family-wall-decal-nursery-02271,Cute Cat Family Wall Decal | Nursery Animal Sticker,15,,,,,,one or more variants missing SKU
excluded,10471377469778,rising-sun-wall-decal-boho-nursery-decor-99861,Rising Sun Wall Decal | Boho Nursery Decor,15,,,,,,one or more variants missing SKU
excluded,10472265220434,cute-cat-family-wall-decal-nursery-cat-49404,Cute Cat Family Wall Decal | Nursery Cat Stickers,15,,,,,,one or more variants missing SKU
excluded,10472644215122,cute-cat-family-wall-decal-nursery-cat-21700,Cute Cat Family Wall Decal | Nursery Cat Stickers,15,,,,,,one or more variants missing SKU
excluded,10483060212050,monkey-wall-decal-jungle-nursery-decor-10526,Cute Monkey Wall Decal | Jungle Nursery Decor,15,,,,,,one or more variants missing SKU
excluded,10483065094482,giraffe-family-watercolor-wall-decal,Giraffe Family Wall Decal | Watercolor Safari Sticker,15,,,,,,one or more variants missing SKU
excluded,10496592019794,sea-turtle-ocean-portal-wall-decal,3D Sea Turtle Ocean Portal Wall Decal | Underwater Scene,15,,,,,,one or more variants missing SKU
excluded,10496608797010,stork-with-baby-wall-decal-nursery-72291,Stork With Baby Wall Decal | Nursery Sticker,15,,,,,,one or more variants missing SKU
excluded,10496639500626,cute-cartoon-sea-turtle-wall-decal,Cute 3D Sea Turtle Wall Decal | Cartoon Nursery Sticker,15,,,,,,one or more variants missing SKU
excluded,10497922793810,green-dragon-blue-fire-wall-decal,3D Green Dragon Wall Decal | Blue Fire Portal Illusion,15,,,,,,one or more variants missing SKU
excluded,10498180972882,friendly-lion-wall-decal-safari-nursery-86860,Friendly Lion Wall Decal | Safari Nursery Decor,15,,,,,,one or more variants missing SKU
excluded,10518651273554,white-dragon-head-wall-decal,3D White Dragon Head Wall Decal | Enchanted Forest Portal,15,,,,,,one or more variants missing SKU
excluded,10518675685714,white-dragon-winged-wall-decal,3D White Dragon Wall Decal | Winged Forest Breakthrough,15,,,,,,one or more variants missing SKU
excluded,10519046783314,golden-sun-wall-decal-boho-mandala-wall-15828,Golden Sun Wall Decal | Boho Mandala Wall Art,15,,,,,,one or more variants missing SKU
excluded,10519065067858,boho-zebra-wall-decal-floral-safari-24565,Boho Zebra Wall Decal | Floral Safari Nursery Decor,15,,,,,,one or more variants missing SKU
excluded,10520768479570,brick-tunnel-wall-decal-orange-eyes,3D Brick Tunnel Wall Decal | Orange Eyes Optical Illusion,15,,,,,,one or more variants missing SKU
excluded,10520865472850,dark-brick-hallway-wall-decal-yellow-eyes,3D Dark Brick Hallway Wall Decal | Yellow Eyes Tunnel,15,,,,,,one or more variants missing SKU
excluded,10520865505618,stork-delivering-baby-girl-nursery-wall-51873,Stork Delivering Baby Girl | Nursery Wall Decal,15,,,,,,one or more variants missing SKU
excluded,10520872386898,stork-delivering-baby-boy-nursery-wall-58891,Stork Delivering Baby Boy | Nursery Wall Decal,15,,,,,,one or more variants missing SKU
excluded,10520900763986,dark-brick-hallway-wall-decal-green-eyes,3D Dark Brick Hallway Wall Decal | Green Eyes Tunnel,15,,,,,,one or more variants missing SKU
excluded,10526761910610,golden-floral-wall-decal-minimalist-01042,Golden Floral Wall Decal | Minimalist Flower Line Art,15,,,,,,one or more variants missing SKU
excluded,10527084216658,monstera-leaf-wall-decal-tropical-42517,Monstera Leaf Wall Decal | Tropical Mandala Mural,15,,,,,,one or more variants missing SKU
excluded,10527084249426,wildflower-wall-decal-watercolor-meadow-47238,Wildflower Wall Decal | Watercolor Meadow Mural,15,,,,,,one or more variants missing SKU
excluded,10527106171218,abstract-woman-wall-art-fashion-54282,Abstract Woman Wall Art | Fashion Illustration Decal,15,,,,,,one or more variants missing SKU
excluded,10527129239890,capybara-family-wall-decal-watercolor-59086,Capybara Family Wall Decal | Watercolor Nursery Decor,15,,,,,,one or more variants missing SKU
excluded,10527129272658,pink-hot-air-balloon-wall-decal-56584,Pink Hot Air Balloon Wall Decal | Watercolor Nursery Decor for Girls,15,,,,,,one or more variants missing SKU
excluded,10527151423826,vertical-gold-floral-wall-decal-tall-53379,Vertical Gold Floral Wall Decal | Tall Flower Line Art,15,,,,,,one or more variants missing SKU
excluded,10527151489362,kawaii-woodland-animal-wall-decal-cute-56119,Kawaii Woodland Animal Wall Decal | Cute Forest Friends Nursery Decor,15,,,,,,one or more variants missing SKU
excluded,10542031536466,space-dinosaur-wall-decals-kawaii-dino-96108,Space Dinosaur Wall Decals | Kawaii Dino Astronaut Stickers,15,,,,,,one or more variants missing SKU
excluded,10542031569234,geometric-wolf-wall-decal-low-poly-90597,Geometric Wolf Wall Decal | Low Poly Howling Wolf Sticker,15,,,,,,one or more variants missing SKU
excluded,10542031634770,black-dragon-blue-fire-wall-decal,3D Black Dragon Wall Decal | Blue Fire Breakthrough,15,,,,,,one or more variants missing SKU
excluded,10542031667538,fantasy-dragon-red-flame-wall-decal,Fantasy Dragon Wall Decal | Red Flame Design Vinyl Sticker,15,,,,,,one or more variants missing SKU
excluded,10542031700306,baby-tiger-wall-decal-jungle-nursery-85878,Baby Tiger Wall Decal | Jungle Nursery Decor,15,,,,,,one or more variants missing SKU
excluded,10542243283282,golden-orchid-wall-decal-navy-blue-and-44932,Golden Orchid Wall Decal | Navy Blue and Gold Botanical Art,15,,,,,,one or more variants missing SKU
excluded,10542263304530,boho-landscape-wall-art-set-of-3-arched-48486,Boho Mountain Sun and Moon Wall Decal Set,15,,,,,,one or more variants missing SKU
excluded,10542283129170,watercolor-lily-wall-decal-purple-pink-53444,Watercolor Lily Wall Decal | Purple Pink and Peach Floral Mural,15,,,,,,one or more variants missing SKU
excluded,10542317076818,lily-flower-wall-decal-watercolor-46327,Lily Flower Wall Decal | Watercolor Floral Border,15,,,,,,one or more variants missing SKU
excluded,10557267476818,gold-orchid-wall-decal-navy-blue-floral-34437,Gold Orchid Wall Decal | Navy Blue Floral Mural,15,,,,,,one or more variants missing SKU
excluded,10557291069778,paint-explosion-wall-decal,3D Paint Explosion Wall Decal | Rainbow Color Splash,15,,,,,,one or more variants missing SKU
excluded,10557316137298,gold-filigree-orchid-decal-navy-blue-41421,Gold Filigree Orchid Decal | Navy Blue Floral Mural,15,,,,,,one or more variants missing SKU
excluded,10557372236114,mystical-owl-wall-decal-spiritual-totem-47851,Mystical Owl Wall Decal | Spiritual Totem Wall Art,15,,,,,,one or more variants missing SKU
excluded,10557380198738,europe-skyline-decal-iconic-landmark-art-56034,Europe Skyline Decal | Iconic Landmark Art,15,,,,,,one or more variants missing SKU
excluded,10557395829074,floral-bicycle-wall-decal-watercolor-62808,Floral Bicycle Wall Decal | Watercolor Mint Bike Sticker,15,,,,,,one or more variants missing SKU
excluded,10557395861842,minimalist-horse-decal-equestrian-line-60440,Minimalist Horse Decal | Equestrian Line Art,15,,,,,,one or more variants missing SKU
excluded,10559086854482,red-race-car-graffiti-wall-decal,3D Red Race Car Graffiti Wall Decal | Brick Breakthrough,15,,,,,,one or more variants missing SKU
excluded,10559147835730,boho-feather-decal-tribal-pattern-wall-74460,Boho Feather Decal | Tribal Pattern Wall Art,15,,,,,,one or more variants missing SKU
excluded,10564074144082,minimalist-horse-decal-full-body-line-07126,Minimalist Horse Decal | Full Body Line Art,15,,,,,,one or more variants missing SKU
excluded,10564077879634,butterfly-wall-decal-inspirational-09215,Butterfly Wall Decal | Inspirational Quote Sticker,15,,,,,,one or more variants missing SKU
excluded,10564080435538,galaxy-space-portal-wall-decal,3D Galaxy Wall Decal | Space Portal Breakthrough,15,,,,,,one or more variants missing SKU
excluded,10564126540114,roaring-t-rex-wall-decal-design-2,3D Roaring T-Rex Wall Decal | Breakthrough Design 2,15,,,,,,one or more variants missing SKU
excluded,10564138107218,floral-street-lamp-decal-yellow-rose-37078,Yellow Rose Street Lamp Wall Decal,15,,,,,,one or more variants missing SKU
excluded,10564153049426,colorful-betta-fish-decal-tropical-45268,Colorful Betta Fish Wall Decal | Tropical Fish Wall Sticker,15,,,,,,one or more variants missing SKU
excluded,10567341736274,blue-race-car-graffiti-wall-decal,3D Blue Race Car Graffiti Wall Decal | Brick Breakthrough,15,,,,,,one or more variants missing SKU
excluded,10567341801810,baby-reindeer-wall-decal-watercolor-13567,Baby Reindeer Wall Decal | Watercolor Woodland Nursery Decor,15,,,,,,one or more variants missing SKU
excluded,10567363494226,sleeping-owl-wall-decal-watercolor-19714,Sleeping Owl Wall Decal | Watercolor Nursery Art,15,,,,,,one or more variants missing SKU
excluded,10568926789970,watercolor-rainbow-tree-decal-colorful-55202,Watercolor Rainbow Tree Decal | Colorful Blossom Wall Art,15,,,,,,one or more variants missing SKU
excluded,10586713686354,sea-turtle-wall-decal-tropical-floral-59372,Sea Turtle Wall Decal | Tropical Floral Wall Sticker,15,,,,,,one or more variants missing SKU
excluded,10598031950162,sea-turtle-wall-decal-tropical-floral-61727,Sea Turtle Wall Decal | Tropical Floral Wall Sticker,15,,,,,,one or more variants missing SKU
excluded,10610535891282,indoor-plant-shelf-wall-decal-potted-98127,Indoor Plant Shelf Wall Decal | Potted Greenery Mural,15,,,,,,one or more variants missing SKU
excluded,10621578510674,succulent-wall-decal-arched-vertical-28622,Succulent Wall Decal | Arched Vertical Garden Mural,15,,,,,,one or more variants missing SKU
excluded,10622077665618,stress-free-zone-wall-decal-office-41499,Stress Free Zone Wall Decal | Office Chill Room Decor,15,,,,,,one or more variants missing SKU
excluded,10653767237970,rainbow-tree-of-life-wall-vinyl-decal-55265,Rainbow Tree of Life Wall Vinyl Decal | Colorful Flower Tree Sticker,15,,,,,,one or more variants missing SKU
excluded,10672572891474,3d-space-wall-vinyl-decal-galaxy-85562,3D Space Wall Vinyl Decal | Galaxy Planets Broken Wall Illusion Sticker,15,,,,,,one or more variants have no reliably parsed size
excluded,10684390146386,3d-space-galaxy-wall-decal-cracked-wall-80105,3D Space Galaxy Wall Decal | Cracked Wall Planet Nebula Sticker,15,,,,,,one or more variants have no reliably parsed size
excluded,10738837815634,space-porthole-wall-vinyl-decal-3d-43897,Space Porthole Wall Vinyl Decal | 3D Galaxy Planets Window Sticker,15,,,,,,one or more variants have no reliably parsed size
excluded,10845144711506,gaming-wall-vinyl-decal-neon-controller-36520,Video Game Wall Decal | Neon Controller 3D Illusion,15,,,,,,one or more variants missing SKU
excluded,10846526406994,weird-frog-beach-wall-vinyl-decal-3d-14556,Weird Frog Beach Wall Vinyl Decal | 3D Broken Wall Illusion Sticker,15,,,,,,one or more variants missing SKU
excluded,10846534173010,spaceship-wall-vinyl-decal-neon-galaxy-21599,Spaceship Wall Vinyl Decal | Neon Galaxy Broken Wall Illusion Sticker,15,,,,,,one or more variants missing SKU
excluded,10846541906258,weird-frog-wall-vinyl-decal-broken-wall-23484,Weird Frog Wall Vinyl Decal | Broken Wall Illusion Sticker,15,,,,,,one or more variants missing SKU
excluded,10846563664210,bald-eagle-wall-vinyl-decal-american-39063,Bald Eagle Wall Vinyl Decal | American Flag Broken Wall Illusion Sticker,15,,,,,,one or more variants missing SKU
excluded,10846583357778,cyberpunk-city-wall-vinyl-decal-neon-46530,Cyberpunk City Wall Decal | Neon 3D Illusion Sticker,15,,,,,,one or more variants missing SKU
excluded,10853067686226,watercolor-wildflower-meadow-wall-vinyl-36338,Watercolor Wildflower Meadow Wall Vinyl Decal | Foxglove Delphinium Daisy Sticker,15,,,,,,one or more variants missing SKU
excluded,10870432334162,weird-yoga-frogs-wall-vinyl-decal-funny-43332,Weird Yoga Frogs Wall Vinyl Decal | Funny Meditation Frog Sticker,15,,,,,,one or more variants missing SKU
excluded,10870496067922,weird-frog-family-wall-vinyl-decal-cute-71492,Weird Frog Family Wall Vinyl Decal | Cute Sunglasses Frogs Sticker,15,,,,,,one or more variants missing SKU
excluded,10870496493906,reading-frog-wall-decal-3d-wall-illusion,Reading Frog Wall Decal | Cozy 3D Wall Illusion,15,,,,,,one or more variants missing SKU
excluded,10870541517138,weird-wine-frog-wall-vinyl-decal-funny-81474,Weird Wine Frog Wall Vinyl Decal | Funny Meditation Frog Sticker,15,,,,,,one or more variants missing SKU
excluded,10870541582674,weird-zen-frog-wall-vinyl-decal-lotus-70851,Weird Zen Frog Wall Vinyl Decal | Lotus Frog With Wine Sticker,15,,,,,,one or more variants missing SKU
excluded,10870909239634,layered-solar-system-wall-vinyl-decal-63120,Layered Solar System Wall Vinyl Decal | Paper Cut Space Illusion Sticker,15,,,,,,one or more variants missing SKU
excluded,10887704543570,neon-dragon-wall-decal-3d-cracked-wall-47850,Neon Dragon Wall Decal | 3D Cracked Wall Illusion Sticker,15,,,,,,one or more variants missing SKU
excluded,10887719125330,weird-volleyball-frog-wall-vinyl-decal-47009,Weird Volleyball Frog Wall Vinyl Decal | Funny Beach Frog Sticker,15,,,,,,one or more variants missing SKU
excluded,10887800553810,weird-frog-wall-vinyl-decal-olive-oil-83177,Weird Frog Wall Vinyl Decal | Olive Oil Meditation Frog Sticker,15,,,,,,one or more variants missing SKU
excluded,10889388130642,weird-cowboy-frog-wall-vinyl-decal-14179,Weird Cowboy Frog Wall Vinyl Decal | Funny Western Frog Sticker,15,,,,,,one or more variants missing SKU
excluded,10889412641106,weird-lemonade-frog-wall-vinyl-decal-33094,Weird Lemonade Frog Wall Vinyl Decal | Funny Frog Lemon Stand Sticker,15,,,,,,one or more variants missing SKU
excluded,10889427091794,weird-chef-frogs-wall-vinyl-decal-funny-37892,Weird Chef Frogs Wall Vinyl Decal | Funny Cooking Frog Sticker,15,,,,,,one or more variants missing SKU
excluded,10889458090322,wolf-in-hoodie-wall-vinyl-decal-black-55316,Wolf in Hoodie Wall Vinyl Decal | Black and White Urban Animal Sticker,15,,,,,,one or more variants missing SKU
excluded,10889479946578,lion-in-hoodie-wall-vinyl-decal-67480,Lion in Hoodie Wall Vinyl Decal | Colorful Gamer Lion Sticker,15,,,,,,one or more variants missing SKU
excluded,10889487515986,tiger-in-hoodie-wall-vinyl-decal-gamer-64927,Tiger in Hoodie Wall Vinyl Decal | Gamer Tiger Headphones Sticker,15,,,,,,one or more variants missing SKU
excluded,11000550097234,baby-leopard-floral-wall-decal-safari-nursery-sticker,Baby Leopard Floral Wall Decal | Safari Nursery Sticker,15,,,,,,one or more variants missing SKU
excluded,11000620024146,gorilla-headphones-wall-decal-urban-music-room-sticker,Gorilla Headphones Wall Decal | Urban Music Room Sticker,15,,,,,,one or more variants missing SKU
excluded,11008958464338,triceratops-wall-decal-dinosaur-kids-room-sticker,Triceratops Wall Decal | Dinosaur Sticker for Kids’ Rooms,240,,,,,,50 or more variants; export may be truncated
excluded,11008988119378,hooded-cat-headphones-wall-decal-music-room-sticker,Hooded Cat Headphones Wall Decal | Music Room Sticker,15,,,,,,one or more variants missing SKU
excluded,11016095203666,abstract-botanical-wall-decal-modern-floral-sticker,Abstract Botanical Wall Decal | Modern Floral Wall Sticker,15,,,,,,one or more variants missing SKU
excluded,11016127054162,tropical-leaves-wall-decal-monstera-botanical-sticker,Tropical Leaves Wall Decal | Monstera Botanical Sticker,15,,,,,,one or more variants missing SKU
excluded,11016175845714,blush-floral-wall-decal-botanical-nursery-sticker,Blush Floral Wall Decal | Botanical Nursery Sticker,15,,,,,,one or more variants missing SKU
excluded,11025547002194,abstract-botanical-wall-decal-set-43176,Abstract Botanical Wall Decal Set | Colorful Organic Shape Stickers,15,,,,,,one or more variants missing SKU
excluded,11029353005394,meditating-frog-wall-decal-pink-lotus-flower,Meditating Frog Wall Decal | Pink Lotus Flower Wall Sticker,15,,,,,,one or more variants missing SKU
excluded,11029363786066,red-eyed-meditating-frog-wall-decal,Red Eyed Meditating Frog Wall Decal | Quirky Frog Sticker,15,,,,,,one or more variants missing SKU
excluded,11029370241362,spaceship-wall-decal-neon-sci-fi-space-sticker,Spaceship Wall Decal | Neon Sci Fi Space Wall Sticker,15,,,,,,one or more variants missing SKU
excluded,11029379907922,colorful-abstract-wall-decal-rainbow-drip-sticker,Colorful Abstract Wall Decal | Rainbow Drip Wall Sticker,15,,,,,,one or more variants missing SKU
excluded,11029389640018,kids-feelings-chart-wall-decal-emotions-sticker,Kids Feelings Chart Wall Decal | Emotions Wall Sticker,15,,,,,,one or more variants missing SKU
excluded,11029412905298,dinosaur-abc-123-wall-decal-kids-learning-sticker,Dinosaur ABC 123 Wall Decal | Kids Learning Wall Sticker,15,,,,,,one or more variants missing SKU
excluded,11029491384658,purple-crocus-flower-wall-decal-botanical-floral,Purple Crocus Flower Wall Decal | Botanical Floral Wall Sticker,15,,,,,,one or more variants missing SKU
excluded,11029503017298,tribal-shark-wall-decal-geometric-vinyl-sticker,Tribal Shark Wall Decal | Geometric Shark Vinyl Wall Sticker,240,,,,,,50 or more variants; export may be truncated
excluded,11029518844242,cute-jellyfish-wall-decal-pastel-ocean-nursery,Cute Jellyfish Wall Decal | Pastel Ocean Nursery Wall Sticker,15,,,,,,one or more variants missing SKU
excluded,11029529985362,halloween-monster-crossing-wall-decal-spooky-sign,Halloween Monster Crossing Wall Decal | Spooky Wall Sticker,15,,,,,,one or more variants missing SKU
excluded,11032231739730,watercolor-autumn-tree-wall-decal-73202,Watercolor Autumn Tree Wall Decal | Golden Yellow Leafy Tree Sticker,15,,,,,,one or more variants missing SKU
excluded,11032258019666,watercolor-feather-wall-decal-boho-63159,Watercolor Feather Wall Decal | Boho Feather Wall Sticker,15,,,,,,one or more variants missing SKU
excluded,11032273420626,cat-family-wall-decal-cute-kitten-wall-69847,Cat Family Wall Decal | Cute Kitten Wall Sticker,15,,,,,,one or more variants missing SKU
excluded,11032315035986,cute-halloween-ghost-wall-decal-ghost-01370,Cute Halloween Ghost Wall Decal | Ghost & Pumpkin Wall Sticker,15,,,,,,one or more variants missing SKU
excluded,11032614469970,pink-peony-floral-wall-decal-watercolor-40979,Pink Peony Floral Wall Decal | Watercolor Flower Wall Sticker,15,,,,,,one or more variants missing SKU
excluded,11032885133650,cute-guinea-pig-wall-decal-guinea-pig-62165,Cute Guinea Pig Wall Decal | Guinea Pig Wall Sticker,15,,,,,,one or more variants missing SKU
excluded,11032940708178,colorful-wildflower-wall-decal-botanical-flower-sticker,Colorful Wildflower Wall Decal | Botanical Flower Sticker,15,,,,,,one or more variants missing SKU
excluded,11036154822994,under-the-sea-wall-decal-jellyfish-fish-nursery-sticker,Under the Sea Wall Decal | Jellyfish & Fish Nursery Sticker,15,,,,,,one or more variants missing SKU
excluded,11036242444626,abstract-wave-wall-decal-sage-green-neutral-sticker,Abstract Wave Wall Decal | Sage Green Neutral Sticker,15,,,,,,one or more variants missing SKU
excluded,11050208624978,watercolor-birds-wall-decal-birds-on-69389,Watercolor Birds Wall Decal | Birds on Branch Wall Sticker,15,,,,,,one or more variants missing SKU
excluded,11050221764946,pastel-floral-wall-decal-botanical-93606,Pastel Floral Wall Decal | Botanical Flower Wall Sticker,15,,,,,,one or more variants missing SKU
excluded,11050243195218,colorful-poppy-flower-wall-decal-poppy-02470,Colorful Poppy Flower Wall Decal | Poppy Floral Wall Sticker,15,,,,,,one or more variants missing SKU
excluded,11080702493010,whale-wall-decal-ocean-whale-wall-00176,Whale Wall Decal | Folk Art Ocean Nursery Sticker,15,,,,,,one or more variants missing SKU
excluded,11080748892498,kangaroo-gamer-wall-decal-gaming-06282,Kangaroo Gamer Wall Decal | Gaming Kangaroo Sticker,15,,,,,,one or more variants missing SKU
excluded,11080764490066,play-mode-wall-decal-gaming-wall-sticker-13292,Play Mode Wall Decal | Gaming Room Wall Sticker,15,,,,,,one or more variants missing SKU
excluded,11080780710226,purple-orchid-wall-decal-orchid-flower-16722,Purple Orchid Wall Decal | Botanical Flower Sticker,15,,,,,,one or more variants missing SKU
excluded,11080800764242,coffee-cup-wall-decal-coffee-lover-wall-00723,Coffee Cup Wall Decal | Coffee Bar Wall Sticker,15,,,,,,one or more variants missing SKU
excluded,11080800829778,bookshelf-wall-decal-cozy-library-wall-26166,Bookshelf Wall Decal | Cozy Library Niche Sticker,15,,,,,,one or more variants missing SKU
excluded,11080812429650,bull-gamer-wall-decal-gaming-bull-wall-09795,Bull Gamer Wall Decal | Gaming Bull Wall Sticker,15,,,,,,one or more variants missing SKU
excluded,11080994750802,level-up-gaming-wall-decal-video-game-46565,Level Up Gaming Wall Decal | Video Game Wall Sticker,15,,,,,,one or more variants missing SKU
excluded,11081046557010,coastal-window-wall-decal-mediterranean-72534,Coastal Window Wall Decal | Mediterranean Sea View Sticker,15,,,,,,one or more variants missing SKU
excluded,11081089057106,bald-eagle-gamer-wall-decal-gaming-76556,Bald Eagle Gamer Wall Decal | Gaming Eagle Wall Sticker,15,,,,,,one or more variants missing SKU
excluded,11081146663250,cute-dolphin-wall-decal-dolphin-wall-79516,Cute Dolphin Wall Decal | Ocean Nursery Wall Sticker,15,,,,,,one or more variants missing SKU
excluded,11089228366162,red-tractor-wall-decal-farm-tractor-37832,Watercolor Red Tractor Wall Decal | Farm Nursery Sticker,15,,,,,,one or more variants missing SKU
excluded,11089365631314,player-zone-wall-decal-gaming-room-wall-72076,Player Zone Wall Decal | Gaming Room Wall Sticker,240,,,,,,50 or more variants; export may be truncated
excluded,11089390240082,3d-wall-niche-decal-neutral-botanical-77590,3D Wall Niche Decal | Neutral Botanical Wall Sticker,15,,,,,,one or more variants missing SKU
excluded,11089390272850,watercolor-wildflower-wall-decal-meadow-75074,Watercolor Wildflower Wall Decal | Meadow Flower Wall Sticker,15,,,,,,one or more variants missing SKU
excluded,11089413144914,seashell-wall-decal-watercolor-seashell-62991,Seashell Wall Decal | Watercolor Seashell Wall Sticker,15,,,,,,one or more variants missing SKU
excluded,11089413177682,bear-gamer-wall-decal-gaming-bear-wall-81744,Bear Gamer Wall Decal | Gaming Bear Wall Sticker,15,,,,,,one or more variants missing SKU
excluded,11089413275986,under-the-sea-wall-decal-jellyfish-59231,Under the Sea Wall Decal | Jellyfish & Coral Wall Sticker,15,,,,,,one or more variants missing SKU
excluded,11089435754834,3d-dolphin-wall-decal-tropical-ocean-64817,3D Dolphin Wall Decal | Tropical Ocean Wall Sticker,15,,,,,,one or more variants missing SKU
excluded,11089456693586,kids-height-chart-wall-decal-woodland-93684,Kids Height Chart Wall Decal | Woodland Growth Chart,15,,,,,,one or more variants missing SKU
excluded,11089456726354,3d-sci-fi-tunnel-wall-decal-futuristic-70625,3D Sci-Fi Tunnel Wall Decal | Futuristic Corridor Sticker,15,,,,,,one or more variants missing SKU
excluded,11089497456978,hanging-terrarium-wall-decal-floral-99532,Hanging Terrarium Wall Decal | Floral Glass Globe Wall Sticker,15,,,,,,one or more variants missing SKU
excluded,11089497719122,red-tractor-wall-decal-farm-tractor-97558,Red Tractor Wall Decal | Farm Tractor & Hay Trailer Wall Sticker,15,,,,,,one or more variants missing SKU
excluded,11089497850194,doberman-gamer-wall-decal-gaming-dog-95588,Doberman Gamer Wall Decal | Gaming Dog Wall Sticker,15,,,,,,one or more variants missing SKU
excluded,11089539105106,celestial-whale-wall-decal-galaxy-whale-82921,Celestial Whale Wall Decal | Galaxy Whale Wall Sticker,15,,,,,,one or more variants missing SKU
excluded,11089539170642,lynx-gamer-wall-decal-gaming-lynx-wall-84657,Lynx Gamer Wall Decal | Gaming Lynx Wall Sticker,15,,,,,,one or more variants missing SKU
excluded,11089539236178,our-classroom-shines-brighter-wall-decal-80889,Our Classroom Shines Brighter Wall Decal | Kids Classroom Wall Sticker,15,,,,,,one or more variants missing SKU
excluded,11102701420882,watercolor-rose-wall-decal-pink-rose-99260,Watercolor Rose Wall Decal | Pink Floral Sticker,15,,,,,,one or more variants missing SKU
excluded,11102879777106,coral-reef-wall-decal-under-the-sea-99847,Coral Reef Wall Decal | Under the Sea Sticker,15,,,,,,one or more variants missing SKU
excluded,11102931321170,kids-reading-wall-decal-book-lover-wall-17112,Kids Reading Wall Decal | Book Lover Sticker,240,,,,,,50 or more variants; export may be truncated
excluded,11102976278866,little-princess-wall-decal-pink-crown-11155,Little Princess Wall Decal | Pink Crown Sticker,15,,,,,,one or more variants missing SKU
excluded,11103028707666,raccoon-gamer-wall-decal-gaming-raccoon-30812,Raccoon Gamer Wall Decal | Gaming Animal Sticker,15,,,,,,one or more variants missing SKU
excluded,11103060361554,rhino-gamer-wall-decal-gaming-rhino-23647,Rhino Gamer Wall Decal | Gaming Animal Sticker,15,,,,,,one or more variants missing SKU
excluded,11103060394322,hyena-gamer-wall-decal-gaming-hyena-28467,Hyena Gamer Wall Decal | Gaming Animal Sticker,15,,,,,,one or more variants missing SKU
excluded,11103073894738,3d-plant-wall-niche-decal-faux-recessed-32949,3D Plant Wall Niche Decal | Faux Shelf Sticker,15,,,,,,one or more variants missing SKU
excluded,11103098110290,game-zone-wall-decal-gaming-room-wall-50020,Game Zone Wall Decal | Colorful Gaming Room Sticker,15,,,,,,one or more variants missing SKU
excluded,11103131304274,3d-bookshelf-wall-decal-vintage-library-55720,3D Bookshelf Wall Decal | Vintage Library Sticker,15,,,,,,one or more variants missing SKU
excluded,11103131533650,leopard-gamer-wall-decal-gaming-leopard-52832,Leopard Gamer Wall Decal | Gaming Big Cat Sticker,15,,,,,,one or more variants missing SKU
excluded,11103168495954,polar-bear-gamer-wall-decal-gaming-45741,Polar Bear Gamer Wall Decal | Gaming Bear Sticker,15,,,,,,one or more variants missing SKU
excluded,11103168528722,ram-gamer-wall-decal-gaming-ram-wall-48173,Ram Gamer Wall Decal | Gaming Animal Sticker,15,,,,,,one or more variants missing SKU
excluded,11106766881106,heart-beach-wall-decal-seashell-coastal-55255,Heart Beach Wall Decal | Seashell Coastal Sticker,15,,,,,,one or more variants missing SKU
excluded,11106993275218,black-leopard-gamer-wall-decal-gaming-big-cat-sticker,Black Leopard Gamer Wall Decal | Gaming Big Cat Sticker,15,,,,,,one or more variants missing SKU
excluded,11107089350994,wild-boar-gaming-wall-decal-gaming-85869,Wild Boar Gamer Wall Decal | Gaming Animal Sticker,15,,,,,,one or more variants missing SKU
excluded,11107214491986,raven-gamer-wall-decal-gaming-raven-93615,Raven Gamer Wall Decal | Gaming Bird Sticker,15,,,,,,one or more variants missing SKU
excluded,11107296903506,rottweiler-gamer-wall-decal-gaming-99781,Rottweiler Gamer Wall Decal | Gaming Dog Sticker,15,,,,,,one or more variants missing SKU
excluded,11107296936274,3d-vase-wall-niche-decal-faux-recessed-19002,3D Vase Wall Niche Decal | Faux Shelf Wall Sticker,15,,,,,,one or more variants missing SKU
excluded,11107351691602,3d-sci-fi-tunnel-wall-decal-futuristic-25520,3D Sci-Fi Tunnel Wall Decal | Futuristic Corridor Sticker,15,,,,,,one or more variants missing SKU
excluded,11107351757138,doberman-gamer-wall-decal-gaming-21894,Doberman Gamer Wall Decal | Gaming Dog Sticker,15,,,,,,one or more variants missing SKU
excluded,10824894972242,melissa-wall-vinyl-decal-lemon-balm-86867,Melissa Wall Vinyl Decal | Lemon Balm Herb Sticker,15,,,,,,eligible but outside current 500-product batch
excluded,10829625688402,kraken-pirate-ship-wall-vinyl-decal-07008,Kraken Pirate Ship Wall Vinyl Decal | Octopus Sea Monster Sticker,15,,,,,,eligible but outside current 500-product batch
excluded,10831982231890,peppermint-herb-border-wall-vinyl-decal-29586,Peppermint Herb Border Wall Vinyl Decal | Piparmünt Botanical Sticker,15,,,,,,eligible but outside current 500-product batch
excluded,10831990292818,rosemary-herb-border-wall-vinyl-decal-34714,Rosemary Herb Border Wall Vinyl Decal | Watercolor Rosemary Plant Sticker,15,,,,,,eligible but outside current 500-product batch
excluded,10832077652306,lavender-border-wall-vinyl-decal-52708,Lavender Border Wall Vinyl Decal | Watercolor Purple Flower Meadow Sticker,15,,,,,,eligible but outside current 500-product batch
excluded,10832108814674,cute-tiger-cub-wall-vinyl-decal-baby-67100,Cute Tiger Cub Wall Vinyl Decal | Baby Tiger With Crown Sticker,15,,,,,,eligible but outside current 500-product batch
excluded,10832165798226,colorful-watercolor-houses-wall-vinyl-89708,Colorful Watercolor Houses Wall Vinyl Decal | Rainbow Town Street Sticker,15,,,,,,eligible but outside current 500-product batch
